# avg.std,clstd,avgdegree.degreeSD.mindegree.maxdegree
-2.544066899825158656e-01,1.470551292792924292e-01,1.410705629404536698e-01,1.303600000000000136e+01,6.476676932029695521e+00,6.799999999999999822e+00,3.720000000000000284e+01
-2.544122997287875942e-01,1.490673540843607259e-01,1.425520238578163179e-01,1.303600000000000136e+01,6.476676932029695521e+00,6.799999999999999822e+00,3.720000000000000284e+01
-2.562177953034445177e-01,1.487703877739715574e-01,1.422571609987615671e-01,1.303600000000000136e+01,6.476676932029695521e+00,6.799999999999999822e+00,3.720000000000000284e+01
-2.591098566427600391e-01,1.504188547642910101e-01,1.440085012444778934e-01,1.303600000000000136e+01,6.476676932029695521e+00,6.799999999999999822e+00,3.720000000000000284e+01
-2.611411019053427873e-01,1.524917716094461306e-01,1.457240058356393531e-01,1.303600000000000136e+01,6.476676932029695521e+00,6.799999999999999822e+00,3.720000000000000284e+01
-2.635167605898456888e-01,1.537904402165362894e-01,1.469027564659494411e-01,1.303600000000000136e+01,6.476676932029695521e+00,6.799999999999999822e+00,3.720000000000000284e+01
-2.651325494998937882e-01,1.550839838363007317e-01,1.483071546303234567e-01,1.303600000000000136e+01,6.476676932029695521e+00,6.799999999999999822e+00,3.720000000000000284e+01
-2.663101994845970544e-01,1.563366021484261792e-01,1.497660813708261429e-01,1.303600000000000136e+01,6.476676932029695521e+00,6.799999999999999822e+00,3.720000000000000284e+01
-2.682357801507470607e-01,1.576766417585279689e-01,1.510719534915477280e-01,1.303600000000000136e+01,6.476676932029695521e+00,6.799999999999999822e+00,3.720000000000000284e+01
-2.709165095854509930e-01,1.589738301403376686e-01,1.529480285014374608e-01,1.303600000000000136e+01,6.476676932029695521e+00,6.799999999999999822e+00,3.720000000000000284e+01
-2.725166396600513519e-01,1.602316189014693082e-01,1.543321967784330173e-01,1.303600000000000136e+01,6.476676932029695521e+00,6.799999999999999822e+00,3.720000000000000284e+01
-2.742835187775923833e-01,1.607280465599476293e-01,1.547047482105641802e-01,1.303600000000000136e+01,6.476676932029695521e+00,6.799999999999999822e+00,3.720000000000000284e+01
-2.769940445401564144e-01,1.610348724888437666e-01,1.559760143122740639e-01,1.303600000000000136e+01,6.476676932029695521e+00,6.799999999999999822e+00,3.720000000000000284e+01
-2.781365508271296250e-01,1.616827214448864347e-01,1.564937720952015998e-01,1.303600000000000136e+01,6.476676932029695521e+00,6.799999999999999822e+00,3.720000000000000284e+01
-2.797055854713374479e-01,1.641076250021094862e-01,1.589261275553596475e-01,1.303600000000000136e+01,6.476676932029695521e+00,6.799999999999999822e+00,3.720000000000000284e+01
-2.809759028355299226e-01,1.657223776442490748e-01,1.602567295420860016e-01,1.303600000000000136e+01,6.476676932029695521e+00,6.799999999999999822e+00,3.720000000000000284e+01
-2.826394079531003856e-01,1.665074419747485102e-01,1.607743900295178774e-01,1.303600000000000136e+01,6.476676932029695521e+00,6.799999999999999822e+00,3.720000000000000284e+01
-2.849376762088495774e-01,1.685316643261581260e-01,1.619894407549506976e-01,1.303600000000000136e+01,6.476676932029695521e+00,6.799999999999999822e+00,3.720000000000000284e+01
-2.871796703241731308e-01,1.711882828673496337e-01,1.641321955257373510e-01,1.303600000000000136e+01,6.476676932029695521e+00,6.799999999999999822e+00,3.720000000000000284e+01
-2.894128553839531159e-01,1.717411905425936802e-01,1.649919201834057492e-01,1.303600000000000136e+01,6.476676932029695521e+00,6.799999999999999822e+00,3.720000000000000284e+01
-2.941782866121925299e-01,1.739357106029690014e-01,1.665064620744487189e-01,1.303600000000000136e+01,6.476676932029695521e+00,6.799999999999999822e+00,3.720000000000000284e+01
-2.951972650173576573e-01,1.771335008998652649e-01,1.697628728249108987e-01,1.303600000000000136e+01,6.476676932029695521e+00,6.799999999999999822e+00,3.720000000000000284e+01
-2.969896197576782360e-01,1.781702559971842237e-01,1.712427115451225779e-01,1.303600000000000136e+01,6.476676932029695521e+00,6.799999999999999822e+00,3.720000000000000284e+01
-2.960266985263106387e-01,1.823193124738519688e-01,1.762713680680192685e-01,1.303600000000000136e+01,6.476676932029695521e+00,6.799999999999999822e+00,3.720000000000000284e+01
-3.002343209121872691e-01,1.868345749488676266e-01,1.781850910078201511e-01,1.303600000000000136e+01,6.476676932029695521e+00,6.799999999999999822e+00,3.720000000000000284e+01
-3.025234695888595615e-01,1.895858067081010456e-01,1.803978019290627954e-01,1.303600000000000136e+01,6.476676932029695521e+00,6.799999999999999822e+00,3.720000000000000284e+01
-3.033672789901185607e-01,1.917709626107232668e-01,1.818020562880503788e-01,1.303600000000000136e+01,6.476676932029695521e+00,6.799999999999999822e+00,3.720000000000000284e+01
-3.061375703337002041e-01,1.939114752030214328e-01,1.830146278844231589e-01,1.303600000000000136e+01,6.476676932029695521e+00,6.799999999999999822e+00,3.720000000000000284e+01
-3.093375177620306671e-01,1.953194657150017499e-01,1.834914622847673704e-01,1.303600000000000136e+01,6.476676932029695521e+00,6.799999999999999822e+00,3.720000000000000284e+01
-3.123967029282873620e-01,1.945905616515391234e-01,1.833790032864717756e-01,1.303600000000000136e+01,6.476676932029695521e+00,6.799999999999999822e+00,3.720000000000000284e+01
-3.137438197822909336e-01,1.957951925745441968e-01,1.848917483077903712e-01,1.303600000000000136e+01,6.476676932029695521e+00,6.799999999999999822e+00,3.720000000000000284e+01
-3.135404561728963313e-01,1.995387263078604867e-01,1.871570012291463303e-01,1.303600000000000136e+01,6.476676932029695521e+00,6.799999999999999822e+00,3.720000000000000284e+01
-3.154805611088328798e-01,2.006977910476660243e-01,1.883035408051488280e-01,1.303600000000000136e+01,6.476676932029695521e+00,6.799999999999999822e+00,3.720000000000000284e+01
-3.177130509556453930e-01,2.007902912083018021e-01,1.878523207964843955e-01,1.303600000000000136e+01,6.476676932029695521e+00,6.799999999999999822e+00,3.720000000000000284e+01
-3.197350077126711598e-01,2.026192468834212834e-01,1.905093433592373042e-01,1.303600000000000136e+01,6.476676932029695521e+00,6.799999999999999822e+00,3.720000000000000284e+01
-3.214541772590040480e-01,2.066330687665354215e-01,1.943582010843363794e-01,1.303600000000000136e+01,6.476676932029695521e+00,6.799999999999999822e+00,3.720000000000000284e+01
-3.229873248857909052e-01,2.095395498403615497e-01,1.965237988477587794e-01,1.303600000000000136e+01,6.476676932029695521e+00,6.799999999999999822e+00,3.720000000000000284e+01
-3.246945534167405278e-01,2.100341880968880637e-01,1.974378340032683643e-01,1.303600000000000136e+01,6.476676932029695521e+00,6.799999999999999822e+00,3.720000000000000284e+01
-3.261044572930616448e-01,2.113708695560100603e-01,1.998180399709059141e-01,1.303600000000000136e+01,6.476676932029695521e+00,6.799999999999999822e+00,3.720000000000000284e+01
-3.297530025678076515e-01,2.127521245526301785e-01,1.999226979693881079e-01,1.303600000000000136e+01,6.476676932029695521e+00,6.799999999999999822e+00,3.720000000000000284e+01
-3.329755417467726297e-01,2.136952728606832941e-01,2.010443847513157800e-01,1.303600000000000136e+01,6.476676932029695521e+00,6.799999999999999822e+00,3.720000000000000284e+01
-3.356969573850495658e-01,2.135074115019569840e-01,2.005488282291631452e-01,1.303600000000000136e+01,6.476676932029695521e+00,6.799999999999999822e+00,3.720000000000000284e+01
-3.356579562508584802e-01,2.185082666966273179e-01,2.048784784203041553e-01,1.303600000000000136e+01,6.476676932029695521e+00,6.799999999999999822e+00,3.720000000000000284e+01
-3.363468016470288480e-01,2.243421839486618441e-01,2.082418902001769712e-01,1.303600000000000136e+01,6.476676932029695521e+00,6.799999999999999822e+00,3.720000000000000284e+01
-3.398544061245351022e-01,2.249939866559260704e-01,2.088239394766333579e-01,1.303600000000000136e+01,6.476676932029695521e+00,6.799999999999999822e+00,3.720000000000000284e+01
-3.424544688849580631e-01,2.251118016977618763e-01,2.095258302805154960e-01,1.303600000000000136e+01,6.476676932029695521e+00,6.799999999999999822e+00,3.720000000000000284e+01
-3.466179374743696973e-01,2.244846010958507776e-01,2.084747122593224589e-01,1.303600000000000136e+01,6.476676932029695521e+00,6.799999999999999822e+00,3.720000000000000284e+01
-3.475208993428572368e-01,2.297288051867675818e-01,2.122550174446061477e-01,1.303600000000000136e+01,6.476676932029695521e+00,6.799999999999999822e+00,3.720000000000000284e+01
-3.490306497245513340e-01,2.299120928924261731e-01,2.126386178941633565e-01,1.303600000000000136e+01,6.476676932029695521e+00,6.799999999999999822e+00,3.720000000000000284e+01
-3.515204524067755409e-01,2.315868378929317739e-01,2.153299546398191600e-01,1.303600000000000136e+01,6.476676932029695521e+00,6.799999999999999822e+00,3.720000000000000284e+01
-3.529687187226205891e-01,2.328872272032747881e-01,2.173848252071449161e-01,1.303600000000000136e+01,6.476676932029695521e+00,6.799999999999999822e+00,3.720000000000000284e+01
-3.554829742094886003e-01,2.340683886694816529e-01,2.181326626462105067e-01,1.303600000000000136e+01,6.476676932029695521e+00,6.799999999999999822e+00,3.720000000000000284e+01
-3.555474678900343299e-01,2.381224519764425229e-01,2.197789811618256761e-01,1.303600000000000136e+01,6.476676932029695521e+00,6.799999999999999822e+00,3.720000000000000284e+01
-3.575587070727630490e-01,2.389842953663602887e-01,2.201680214964407134e-01,1.303600000000000136e+01,6.476676932029695521e+00,6.799999999999999822e+00,3.720000000000000284e+01
-3.599118981591706845e-01,2.404991013246166598e-01,2.220446013461148949e-01,1.303600000000000136e+01,6.476676932029695521e+00,6.799999999999999822e+00,3.720000000000000284e+01
-3.628793921897802699e-01,2.411961710155259841e-01,2.220939455476119984e-01,1.303600000000000136e+01,6.476676932029695521e+00,6.799999999999999822e+00,3.720000000000000284e+01
-3.641892620580661766e-01,2.423229309654280905e-01,2.229884275015902306e-01,1.303600000000000136e+01,6.476676932029695521e+00,6.799999999999999822e+00,3.720000000000000284e+01
-3.672666782376099448e-01,2.425307685638113109e-01,2.230194801268485794e-01,1.303600000000000136e+01,6.476676932029695521e+00,6.799999999999999822e+00,3.720000000000000284e+01
-3.710456976130863671e-01,2.435601605195368280e-01,2.237380670373836367e-01,1.303600000000000136e+01,6.476676932029695521e+00,6.799999999999999822e+00,3.720000000000000284e+01
-3.736837053082822102e-01,2.448487969347021842e-01,2.277450327524784546e-01,1.303600000000000136e+01,6.476676932029695521e+00,6.799999999999999822e+00,3.720000000000000284e+01
-3.754829787142157649e-01,2.469014186259383403e-01,2.301393531385189095e-01,1.303600000000000136e+01,6.476676932029695521e+00,6.799999999999999822e+00,3.720000000000000284e+01
-3.778287326643391397e-01,2.467279586700364402e-01,2.301918336802882270e-01,1.303600000000000136e+01,6.476676932029695521e+00,6.799999999999999822e+00,3.720000000000000284e+01
-3.762536303312874475e-01,2.535278238917563209e-01,2.326376773179336388e-01,1.303600000000000136e+01,6.476676932029695521e+00,6.799999999999999822e+00,3.720000000000000284e+01
-3.783387764479845816e-01,2.539668095639752154e-01,2.334242392861555770e-01,1.303600000000000136e+01,6.476676932029695521e+00,6.799999999999999822e+00,3.720000000000000284e+01
-3.814962157532191256e-01,2.545562465763789861e-01,2.345790051595664227e-01,1.303600000000000136e+01,6.476676932029695521e+00,6.799999999999999822e+00,3.720000000000000284e+01
-3.848134033262997633e-01,2.549469535321579050e-01,2.343388324569056491e-01,1.303600000000000136e+01,6.476676932029695521e+00,6.799999999999999822e+00,3.720000000000000284e+01
-3.825905633040763698e-01,2.604690702836606198e-01,2.392838416032628535e-01,1.303600000000000136e+01,6.476676932029695521e+00,6.799999999999999822e+00,3.720000000000000284e+01
-3.847991096084423246e-01,2.616013622803066707e-01,2.408056152878072231e-01,1.303600000000000136e+01,6.476676932029695521e+00,6.799999999999999822e+00,3.720000000000000284e+01
-3.892936782844425569e-01,2.621093463310556482e-01,2.405176389246748148e-01,1.303600000000000136e+01,6.476676932029695521e+00,6.799999999999999822e+00,3.720000000000000284e+01
-3.918325492462770288e-01,2.636839299576688167e-01,2.417962392054575638e-01,1.303600000000000136e+01,6.476676932029695521e+00,6.799999999999999822e+00,3.720000000000000284e+01
-3.945189955014989369e-01,2.639013252418185851e-01,2.421970886064226391e-01,1.303600000000000136e+01,6.476676932029695521e+00,6.799999999999999822e+00,3.720000000000000284e+01
-3.979797809886417848e-01,2.648203841175252315e-01,2.439560453472387480e-01,1.303600000000000136e+01,6.476676932029695521e+00,6.799999999999999822e+00,3.720000000000000284e+01
-4.007724481457105026e-01,2.648468825726424947e-01,2.436827638047870670e-01,1.303600000000000136e+01,6.476676932029695521e+00,6.799999999999999822e+00,3.720000000000000284e+01
-4.027840928686113875e-01,2.655801193644386493e-01,2.457892770116869019e-01,1.303600000000000136e+01,6.476676932029695521e+00,6.799999999999999822e+00,3.720000000000000284e+01
-4.050382242078433559e-01,2.652890299464311652e-01,2.460122707501083139e-01,1.303600000000000136e+01,6.476676932029695521e+00,6.799999999999999822e+00,3.720000000000000284e+01
-4.061594072370042774e-01,2.676696146666637799e-01,2.478117538742194981e-01,1.303600000000000136e+01,6.476676932029695521e+00,6.799999999999999822e+00,3.720000000000000284e+01
-4.099453327931108504e-01,2.694599727236553499e-01,2.477014898002448395e-01,1.303600000000000136e+01,6.476676932029695521e+00,6.799999999999999822e+00,3.720000000000000284e+01
-4.132900272351093807e-01,2.701367805237805952e-01,2.476212615244305082e-01,1.303600000000000136e+01,6.476676932029695521e+00,6.799999999999999822e+00,3.720000000000000284e+01
-4.154541498111351538e-01,2.705188040107984748e-01,2.479029173406116782e-01,1.303600000000000136e+01,6.476676932029695521e+00,6.799999999999999822e+00,3.720000000000000284e+01
-4.170829504043607194e-01,2.723651338799275012e-01,2.504548276847941568e-01,1.303600000000000136e+01,6.476676932029695521e+00,6.799999999999999822e+00,3.720000000000000284e+01
-4.179487371916202898e-01,2.730992802105565720e-01,2.510791820109045669e-01,1.303600000000000136e+01,6.476676932029695521e+00,6.799999999999999822e+00,3.720000000000000284e+01
-4.193676859834406523e-01,2.740002978123751709e-01,2.521431597427978288e-01,1.303600000000000136e+01,6.476676932029695521e+00,6.799999999999999822e+00,3.720000000000000284e+01
-4.223559697354873355e-01,2.725761590418206426e-01,2.509927138865206686e-01,1.303600000000000136e+01,6.476676932029695521e+00,6.799999999999999822e+00,3.720000000000000284e+01
-4.243895093573602506e-01,2.736730300263994775e-01,2.501263617386019211e-01,1.303600000000000136e+01,6.476676932029695521e+00,6.799999999999999822e+00,3.720000000000000284e+01
-4.259913418379990269e-01,2.758691760526965076e-01,2.526662643113298801e-01,1.303600000000000136e+01,6.476676932029695521e+00,6.799999999999999822e+00,3.720000000000000284e+01
-4.291703712684425964e-01,2.759301746620358986e-01,2.517853429908908369e-01,1.303600000000000136e+01,6.476676932029695521e+00,6.799999999999999822e+00,3.720000000000000284e+01
-4.280112637256244801e-01,2.791030562130011883e-01,2.530172294774128972e-01,1.303600000000000136e+01,6.476676932029695521e+00,6.799999999999999822e+00,3.720000000000000284e+01
-4.327905500506520342e-01,2.796090816365787712e-01,2.538725941856346258e-01,1.303600000000000136e+01,6.476676932029695521e+00,6.799999999999999822e+00,3.720000000000000284e+01
-4.355216569053094178e-01,2.792337746895314221e-01,2.534594746777608654e-01,1.303600000000000136e+01,6.476676932029695521e+00,6.799999999999999822e+00,3.720000000000000284e+01
-4.377036256470055453e-01,2.793370862095511109e-01,2.530145302262604701e-01,1.303600000000000136e+01,6.476676932029695521e+00,6.799999999999999822e+00,3.720000000000000284e+01
-4.366903293945981201e-01,2.829577176840133435e-01,2.561474355035081585e-01,1.303600000000000136e+01,6.476676932029695521e+00,6.799999999999999822e+00,3.720000000000000284e+01
-4.339085506671711556e-01,2.875561699560816309e-01,2.590065539774930037e-01,1.303600000000000136e+01,6.476676932029695521e+00,6.799999999999999822e+00,3.720000000000000284e+01
-4.376166532054376335e-01,2.870213405072079560e-01,2.574759284442507679e-01,1.303600000000000136e+01,6.476676932029695521e+00,6.799999999999999822e+00,3.720000000000000284e+01
-4.411309249853270775e-01,2.880894124817494073e-01,2.588500590359630316e-01,1.303600000000000136e+01,6.476676932029695521e+00,6.799999999999999822e+00,3.720000000000000284e+01
-4.406417822254812822e-01,2.904335050934723772e-01,2.595882444677396483e-01,1.303600000000000136e+01,6.476676932029695521e+00,6.799999999999999822e+00,3.720000000000000284e+01
-4.452894412722529505e-01,2.904568882273531605e-01,2.591803935619875765e-01,1.303600000000000136e+01,6.476676932029695521e+00,6.799999999999999822e+00,3.720000000000000284e+01
-4.476372785310559488e-01,2.913311822175702615e-01,2.598686636092534252e-01,1.303600000000000136e+01,6.476676932029695521e+00,6.799999999999999822e+00,3.720000000000000284e+01
-4.480333044632542894e-01,2.918430120288293406e-01,2.603403348537390305e-01,1.303600000000000136e+01,6.476676932029695521e+00,6.799999999999999822e+00,3.720000000000000284e+01
-4.512433840143187380e-01,2.915268726590780068e-01,2.602840297354117594e-01,1.303600000000000136e+01,6.476676932029695521e+00,6.799999999999999822e+00,3.720000000000000284e+01
-4.538491036172019877e-01,2.926947005416290493e-01,2.606832841156005998e-01,1.303600000000000136e+01,6.476676932029695521e+00,6.799999999999999822e+00,3.720000000000000284e+01
-4.543215964948256191e-01,2.932576630784830551e-01,2.612847570876558057e-01,1.303600000000000136e+01,6.476676932029695521e+00,6.799999999999999822e+00,3.720000000000000284e+01
-4.555102402810705664e-01,2.941389584199008977e-01,2.619405739741836880e-01,1.303600000000000136e+01,6.476676932029695521e+00,6.799999999999999822e+00,3.720000000000000284e+01
-4.598324213362553481e-01,2.937131249901737684e-01,2.622230647871905962e-01,1.303600000000000136e+01,6.476676932029695521e+00,6.799999999999999822e+00,3.720000000000000284e+01
-4.635285314899854070e-01,2.925292523985322246e-01,2.612312574283515154e-01,1.303600000000000136e+01,6.476676932029695521e+00,6.799999999999999822e+00,3.720000000000000284e+01
-4.661823702560765059e-01,2.915327533265369420e-01,2.604836032943136370e-01,1.303600000000000136e+01,6.476676932029695521e+00,6.799999999999999822e+00,3.720000000000000284e+01
-4.674596644051570715e-01,2.926685907446910928e-01,2.617946278728177090e-01,1.303600000000000136e+01,6.476676932029695521e+00,6.799999999999999822e+00,3.720000000000000284e+01
-4.681393446649912415e-01,2.931816114241846960e-01,2.625745040170670008e-01,1.303600000000000136e+01,6.476676932029695521e+00,6.799999999999999822e+00,3.720000000000000284e+01
-4.693848705467891236e-01,2.933105820023332311e-01,2.629256537502218105e-01,1.303600000000000136e+01,6.476676932029695521e+00,6.799999999999999822e+00,3.720000000000000284e+01
-4.660125943901525791e-01,3.008255170703318937e-01,2.670539477667104311e-01,1.303600000000000136e+01,6.476676932029695521e+00,6.799999999999999822e+00,3.720000000000000284e+01
-4.695779721705080623e-01,3.002990083933957388e-01,2.651630904966109092e-01,1.303600000000000136e+01,6.476676932029695521e+00,6.799999999999999822e+00,3.720000000000000284e+01
-4.714384041944767456e-01,3.002453626811892873e-01,2.651759042177405101e-01,1.303600000000000136e+01,6.476676932029695521e+00,6.799999999999999822e+00,3.720000000000000284e+01
-4.733516186363247447e-01,3.011309638846740855e-01,2.657684288927306127e-01,1.303600000000000136e+01,6.476676932029695521e+00,6.799999999999999822e+00,3.720000000000000284e+01
-4.771832945783344715e-01,2.998817708994948594e-01,2.646617574618694291e-01,1.303600000000000136e+01,6.476676932029695521e+00,6.799999999999999822e+00,3.720000000000000284e+01
-4.763412439149302680e-01,2.999060906664285375e-01,2.652518387697551105e-01,1.303600000000000136e+01,6.476676932029695521e+00,6.799999999999999822e+00,3.720000000000000284e+01
-4.799310944627117048e-01,2.989042682523670447e-01,2.623300829219094021e-01,1.303600000000000136e+01,6.476676932029695521e+00,6.799999999999999822e+00,3.720000000000000284e+01
-4.813253470437340309e-01,2.988395852656820506e-01,2.618888225181125184e-01,1.303600000000000136e+01,6.476676932029695521e+00,6.799999999999999822e+00,3.720000000000000284e+01
-4.851723294877618997e-01,2.985271768376994705e-01,2.607289112925885166e-01,1.303600000000000136e+01,6.476676932029695521e+00,6.799999999999999822e+00,3.720000000000000284e+01
-4.857598012897090811e-01,2.993450659228383270e-01,2.614432967180883027e-01,1.303600000000000136e+01,6.476676932029695521e+00,6.799999999999999822e+00,3.720000000000000284e+01
-4.885956563190787527e-01,2.986864593721310079e-01,2.603717315137936139e-01,1.303600000000000136e+01,6.476676932029695521e+00,6.799999999999999822e+00,3.720000000000000284e+01
-4.911059997278174327e-01,2.981390948078985192e-01,2.596139432815830483e-01,1.303600000000000136e+01,6.476676932029695521e+00,6.799999999999999822e+00,3.720000000000000284e+01
-4.927270274040311260e-01,2.995340296790257040e-01,2.613157304001370584e-01,1.303600000000000136e+01,6.476676932029695521e+00,6.799999999999999822e+00,3.720000000000000284e+01
-4.940080117370581614e-01,2.995940735746648320e-01,2.613712436851470255e-01,1.303600000000000136e+01,6.476676932029695521e+00,6.799999999999999822e+00,3.720000000000000284e+01
-4.948429535558976911e-01,2.999053118218294456e-01,2.620747265179927954e-01,1.303600000000000136e+01,6.476676932029695521e+00,6.799999999999999822e+00,3.720000000000000284e+01
-4.967557010053863520e-01,3.001845070958022998e-01,2.625568096362359549e-01,1.303600000000000136e+01,6.476676932029695521e+00,6.799999999999999822e+00,3.720000000000000284e+01
-4.977466540044657717e-01,3.048567992471812316e-01,2.615717414257123230e-01,1.303600000000000136e+01,6.476676932029695521e+00,6.799999999999999822e+00,3.720000000000000284e+01
-4.985769146954636133e-01,3.058155081121706753e-01,2.619376176258002009e-01,1.303600000000000136e+01,6.476676932029695521e+00,6.799999999999999822e+00,3.720000000000000284e+01
-4.982676526529596361e-01,3.109942857517007941e-01,2.629460225418292496e-01,1.303600000000000136e+01,6.476676932029695521e+00,6.799999999999999822e+00,3.720000000000000284e+01
-4.982536478816016468e-01,3.129196167176187537e-01,2.634530828165649874e-01,1.303600000000000136e+01,6.476676932029695521e+00,6.799999999999999822e+00,3.720000000000000284e+01
-5.010316074580981605e-01,3.113575226778735328e-01,2.618551150342708356e-01,1.303600000000000136e+01,6.476676932029695521e+00,6.799999999999999822e+00,3.720000000000000284e+01
-5.022007800713168546e-01,3.119884064643533295e-01,2.626100977565717920e-01,1.303600000000000136e+01,6.476676932029695521e+00,6.799999999999999822e+00,3.720000000000000284e+01
-5.054575507739973439e-01,3.147202481455533829e-01,2.644585167987114072e-01,1.303600000000000136e+01,6.476676932029695521e+00,6.799999999999999822e+00,3.720000000000000284e+01
-5.073874065771779573e-01,3.151794118692006208e-01,2.648411805974114630e-01,1.303600000000000136e+01,6.476676932029695521e+00,6.799999999999999822e+00,3.720000000000000284e+01
-5.059249722639665992e-01,3.179917233101349217e-01,2.668200960818936651e-01,1.303600000000000136e+01,6.476676932029695521e+00,6.799999999999999822e+00,3.720000000000000284e+01
-5.082522923068688581e-01,3.181475469629579389e-01,2.671053288854182695e-01,1.303600000000000136e+01,6.476676932029695521e+00,6.799999999999999822e+00,3.720000000000000284e+01
-5.071200185403246241e-01,3.216929277086222894e-01,2.715748087124393306e-01,1.303600000000000136e+01,6.476676932029695521e+00,6.799999999999999822e+00,3.720000000000000284e+01
-5.082740115693878957e-01,3.226872941169608433e-01,2.722836712063956832e-01,1.303600000000000136e+01,6.476676932029695521e+00,6.799999999999999822e+00,3.720000000000000284e+01
-5.057900857454786792e-01,3.262684847189568083e-01,2.742613694707533023e-01,1.303600000000000136e+01,6.476676932029695521e+00,6.799999999999999822e+00,3.720000000000000284e+01
-5.075913610296776124e-01,3.263927237897442657e-01,2.745084613785035432e-01,1.303600000000000136e+01,6.476676932029695521e+00,6.799999999999999822e+00,3.720000000000000284e+01
-5.131305872816597224e-01,3.250694885768714570e-01,2.749322567924549210e-01,1.303600000000000136e+01,6.476676932029695521e+00,6.799999999999999822e+00,3.720000000000000284e+01
-5.140981745065453801e-01,3.259637895893754411e-01,2.755685270605239823e-01,1.303600000000000136e+01,6.476676932029695521e+00,6.799999999999999822e+00,3.720000000000000284e+01
-5.128346795435717587e-01,3.279181496445033872e-01,2.762631615250927264e-01,1.303600000000000136e+01,6.476676932029695521e+00,6.799999999999999822e+00,3.720000000000000284e+01
-5.141402619218873316e-01,3.283195620078308563e-01,2.768553568370754059e-01,1.303600000000000136e+01,6.476676932029695521e+00,6.799999999999999822e+00,3.720000000000000284e+01
-5.153177996213003098e-01,3.284844951838453708e-01,2.771114811976036485e-01,1.303600000000000136e+01,6.476676932029695521e+00,6.799999999999999822e+00,3.720000000000000284e+01
-5.179156551748065329e-01,3.266133995730486350e-01,2.749001964401061593e-01,1.303600000000000136e+01,6.476676932029695521e+00,6.799999999999999822e+00,3.720000000000000284e+01
-5.208055587043662893e-01,3.264141729152401084e-01,2.755284063846469289e-01,1.303600000000000136e+01,6.476676932029695521e+00,6.799999999999999822e+00,3.720000000000000284e+01
-5.216936519866488542e-01,3.268917736230437798e-01,2.757466643816183227e-01,1.303600000000000136e+01,6.476676932029695521e+00,6.799999999999999822e+00,3.720000000000000284e+01
-5.204531064003236063e-01,3.300062261836349542e-01,2.797018636065690123e-01,1.303600000000000136e+01,6.476676932029695521e+00,6.799999999999999822e+00,3.720000000000000284e+01
-5.224581453960445154e-01,3.293260663593789994e-01,2.790058327266688454e-01,1.303600000000000136e+01,6.476676932029695521e+00,6.799999999999999822e+00,3.720000000000000284e+01
-5.259268121075478808e-01,3.287336031008633586e-01,2.771034219259501663e-01,1.303600000000000136e+01,6.476676932029695521e+00,6.799999999999999822e+00,3.720000000000000284e+01
-5.276735707074957649e-01,3.287143962327480629e-01,2.765330513418887692e-01,1.303600000000000136e+01,6.476676932029695521e+00,6.799999999999999822e+00,3.720000000000000284e+01
-5.309180001679962846e-01,3.283674738787608072e-01,2.761808339237219467e-01,1.303600000000000136e+01,6.476676932029695521e+00,6.799999999999999822e+00,3.720000000000000284e+01
-5.313141570510785394e-01,3.292742687319988315e-01,2.771295599399969944e-01,1.303600000000000136e+01,6.476676932029695521e+00,6.799999999999999822e+00,3.720000000000000284e+01
-5.341673901430653570e-01,3.275887403598906067e-01,2.760362315647257869e-01,1.303600000000000136e+01,6.476676932029695521e+00,6.799999999999999822e+00,3.720000000000000284e+01
-5.361550747854669785e-01,3.265038801405572011e-01,2.753275657439180901e-01,1.303600000000000136e+01,6.476676932029695521e+00,6.799999999999999822e+00,3.720000000000000284e+01
-5.377036983770923095e-01,3.282019987268389727e-01,2.769445769666104562e-01,1.303600000000000136e+01,6.476676932029695521e+00,6.799999999999999822e+00,3.720000000000000284e+01
-5.393270216516190541e-01,3.279949741965527688e-01,2.761295310805061964e-01,1.303600000000000136e+01,6.476676932029695521e+00,6.799999999999999822e+00,3.720000000000000284e+01
-5.374841123044783453e-01,3.313690264151163412e-01,2.767694578224467183e-01,1.303600000000000136e+01,6.476676932029695521e+00,6.799999999999999822e+00,3.720000000000000284e+01
-5.345181709950832527e-01,3.360853428108170338e-01,2.787775750335260705e-01,1.303600000000000136e+01,6.476676932029695521e+00,6.799999999999999822e+00,3.720000000000000284e+01
-5.360341828716965740e-01,3.367352997754252675e-01,2.800556465401531914e-01,1.303600000000000136e+01,6.476676932029695521e+00,6.799999999999999822e+00,3.720000000000000284e+01
-5.374513798769312567e-01,3.374045872546400648e-01,2.806037820847172015e-01,1.303600000000000136e+01,6.476676932029695521e+00,6.799999999999999822e+00,3.720000000000000284e+01
-5.383685748012020378e-01,3.374053933624505119e-01,2.800833254686240226e-01,1.303600000000000136e+01,6.476676932029695521e+00,6.799999999999999822e+00,3.720000000000000284e+01
-5.356649671896913656e-01,3.437346264831467324e-01,2.878894049623670903e-01,1.303600000000000136e+01,6.476676932029695521e+00,6.799999999999999822e+00,3.720000000000000284e+01
-5.333598682436618832e-01,3.452220512171073064e-01,2.961663315782279704e-01,1.303600000000000136e+01,6.476676932029695521e+00,6.799999999999999822e+00,3.720000000000000284e+01
-5.313879463329850283e-01,3.473573472916959837e-01,3.014326194386089397e-01,1.303600000000000136e+01,6.476676932029695521e+00,6.799999999999999822e+00,3.720000000000000284e+01
-5.329412726419361368e-01,3.471883854268374425e-01,3.011978897862355731e-01,1.303600000000000136e+01,6.476676932029695521e+00,6.799999999999999822e+00,3.720000000000000284e+01
-5.349864844847064260e-01,3.472495059892359848e-01,3.005961760575523445e-01,1.303600000000000136e+01,6.476676932029695521e+00,6.799999999999999822e+00,3.720000000000000284e+01
-5.356139944468321090e-01,3.486222523579927124e-01,3.014713166410271095e-01,1.303600000000000136e+01,6.476676932029695521e+00,6.799999999999999822e+00,3.720000000000000284e+01
-5.356758197993046755e-01,3.497785992470675565e-01,3.028174216486082537e-01,1.303600000000000136e+01,6.476676932029695521e+00,6.799999999999999822e+00,3.720000000000000284e+01
-5.367136111722855540e-01,3.487993530986470692e-01,3.011896472268081881e-01,1.303600000000000136e+01,6.476676932029695521e+00,6.799999999999999822e+00,3.720000000000000284e+01
-5.385489362812645453e-01,3.497296864314872189e-01,3.020763130660358287e-01,1.303600000000000136e+01,6.476676932029695521e+00,6.799999999999999822e+00,3.720000000000000284e+01
-5.349238533567863829e-01,3.525578478600541188e-01,3.040890902950179608e-01,1.303600000000000136e+01,6.476676932029695521e+00,6.799999999999999822e+00,3.720000000000000284e+01
-5.336089428783068467e-01,3.554817464850025810e-01,3.075040946824625365e-01,1.303600000000000136e+01,6.476676932029695521e+00,6.799999999999999822e+00,3.720000000000000284e+01
-5.343547586383465831e-01,3.564971798916473089e-01,3.081122370030727753e-01,1.303600000000000136e+01,6.476676932029695521e+00,6.799999999999999822e+00,3.720000000000000284e+01
-5.356519521775041648e-01,3.570197867851179763e-01,3.087386711744571910e-01,1.303600000000000136e+01,6.476676932029695521e+00,6.799999999999999822e+00,3.720000000000000284e+01
-5.374391242814683389e-01,3.567727557035330066e-01,3.086702876481139945e-01,1.303600000000000136e+01,6.476676932029695521e+00,6.799999999999999822e+00,3.720000000000000284e+01
-5.384084669790485389e-01,3.572951506885337358e-01,3.091085953307304290e-01,1.303600000000000136e+01,6.476676932029695521e+00,6.799999999999999822e+00,3.720000000000000284e+01
-5.434447330451435132e-01,3.510127253013298754e-01,3.065309021689492930e-01,1.303600000000000136e+01,6.476676932029695521e+00,6.799999999999999822e+00,3.720000000000000284e+01
-5.488572841352655773e-01,3.498045290938541219e-01,3.050138838853557743e-01,1.303600000000000136e+01,6.476676932029695521e+00,6.799999999999999822e+00,3.720000000000000284e+01
-5.497099637206634970e-01,3.496646400386864140e-01,3.047983120355390874e-01,1.303600000000000136e+01,6.476676932029695521e+00,6.799999999999999822e+00,3.720000000000000284e+01
-5.515128720929648454e-01,3.500947477137695829e-01,3.058481469725465862e-01,1.303600000000000136e+01,6.476676932029695521e+00,6.799999999999999822e+00,3.720000000000000284e+01
-5.551798550635423934e-01,3.489256396819285788e-01,3.044589388366925609e-01,1.303600000000000136e+01,6.476676932029695521e+00,6.799999999999999822e+00,3.720000000000000284e+01
-5.560814513202900766e-01,3.491315641609245013e-01,3.047596943848677742e-01,1.303600000000000136e+01,6.476676932029695521e+00,6.799999999999999822e+00,3.720000000000000284e+01
-5.527677931608901973e-01,3.566575606762951711e-01,3.084553781671772188e-01,1.303600000000000136e+01,6.476676932029695521e+00,6.799999999999999822e+00,3.720000000000000284e+01
-5.541280579007652474e-01,3.568794795106365880e-01,3.083399009858364126e-01,1.303600000000000136e+01,6.476676932029695521e+00,6.799999999999999822e+00,3.720000000000000284e+01
-5.549118054805313172e-01,3.573619993560948616e-01,3.087096440702648548e-01,1.303600000000000136e+01,6.476676932029695521e+00,6.799999999999999822e+00,3.720000000000000284e+01
-5.569288156143060720e-01,3.583608009119864102e-01,3.087970548128088910e-01,1.303600000000000136e+01,6.476676932029695521e+00,6.799999999999999822e+00,3.720000000000000284e+01
-5.583159463709851389e-01,3.584724349960667911e-01,3.077690334943370409e-01,1.303600000000000136e+01,6.476676932029695521e+00,6.799999999999999822e+00,3.720000000000000284e+01
-5.588138947186394034e-01,3.586518522728247005e-01,3.081769089079240964e-01,1.303600000000000136e+01,6.476676932029695521e+00,6.799999999999999822e+00,3.720000000000000284e+01
-5.598214037425146561e-01,3.591697674979043020e-01,3.085607794610972787e-01,1.303600000000000136e+01,6.476676932029695521e+00,6.799999999999999822e+00,3.720000000000000284e+01
-5.618858998816392836e-01,3.593511506055221960e-01,3.077039706501586425e-01,1.303600000000000136e+01,6.476676932029695521e+00,6.799999999999999822e+00,3.720000000000000284e+01
-5.645792963587331625e-01,3.578059294191600626e-01,3.071421910551265233e-01,1.303600000000000136e+01,6.476676932029695521e+00,6.799999999999999822e+00,3.720000000000000284e+01
-5.620733186705757500e-01,3.597475164684389437e-01,3.108248325169896686e-01,1.303600000000000136e+01,6.476676932029695521e+00,6.799999999999999822e+00,3.720000000000000284e+01
-5.630379388664892293e-01,3.599314596942801425e-01,3.109513459566723981e-01,1.303600000000000136e+01,6.476676932029695521e+00,6.799999999999999822e+00,3.720000000000000284e+01
-5.638472040555643217e-01,3.605879432982451172e-01,3.116555440213458206e-01,1.303600000000000136e+01,6.476676932029695521e+00,6.799999999999999822e+00,3.720000000000000284e+01
-5.684513190203422939e-01,3.594886512800186673e-01,3.133142263557986973e-01,1.303600000000000136e+01,6.476676932029695521e+00,6.799999999999999822e+00,3.720000000000000284e+01
-5.695807626447725314e-01,3.596161367498706407e-01,3.134435405372295036e-01,1.303600000000000136e+01,6.476676932029695521e+00,6.799999999999999822e+00,3.720000000000000284e+01
-5.671436682686390451e-01,3.662970085753399219e-01,3.154275231513889444e-01,1.303600000000000136e+01,6.476676932029695521e+00,6.799999999999999822e+00,3.720000000000000284e+01
-5.685612074039002595e-01,3.659545774184673195e-01,3.151307124707458107e-01,1.303600000000000136e+01,6.476676932029695521e+00,6.799999999999999822e+00,3.720000000000000284e+01
-5.694883364588569918e-01,3.672653518338507284e-01,3.160624901526924990e-01,1.303600000000000136e+01,6.476676932029695521e+00,6.799999999999999822e+00,3.720000000000000284e+01
-5.724857221910152338e-01,3.650526296487933697e-01,3.139582565572762163e-01,1.303600000000000136e+01,6.476676932029695521e+00,6.799999999999999822e+00,3.720000000000000284e+01
-5.731314852362513479e-01,3.632039756325361468e-01,3.125822448760914307e-01,1.303600000000000136e+01,6.476676932029695521e+00,6.799999999999999822e+00,3.720000000000000284e+01
-5.713110448742811931e-01,3.627029882698852847e-01,3.095971525284951786e-01,1.303600000000000136e+01,6.476676932029695521e+00,6.799999999999999822e+00,3.720000000000000284e+01
-5.686105654144173460e-01,3.683745432764128913e-01,3.113837987277955355e-01,1.303600000000000136e+01,6.476676932029695521e+00,6.799999999999999822e+00,3.720000000000000284e+01
-5.697775969006904084e-01,3.683465640390821694e-01,3.111857748155414383e-01,1.303600000000000136e+01,6.476676932029695521e+00,6.799999999999999822e+00,3.720000000000000284e+01
-5.711080803926169569e-01,3.684075186468739327e-01,3.111696215816928679e-01,1.303600000000000136e+01,6.476676932029695521e+00,6.799999999999999822e+00,3.720000000000000284e+01
-5.721199196068533777e-01,3.684244729185319756e-01,3.111055863667371857e-01,1.303600000000000136e+01,6.476676932029695521e+00,6.799999999999999822e+00,3.720000000000000284e+01
-5.733586251135619483e-01,3.677709523599156372e-01,3.103026064018621355e-01,1.303600000000000136e+01,6.476676932029695521e+00,6.799999999999999822e+00,3.720000000000000284e+01
-5.750456579455633932e-01,3.678952305037378467e-01,3.107347409979419606e-01,1.303600000000000136e+01,6.476676932029695521e+00,6.799999999999999822e+00,3.720000000000000284e+01
-5.761407258323595348e-01,3.682829139251233563e-01,3.110019988728457419e-01,1.303600000000000136e+01,6.476676932029695521e+00,6.799999999999999822e+00,3.720000000000000284e+01
-5.756302635934630318e-01,3.717471440764499868e-01,3.129582824341041181e-01,1.303600000000000136e+01,6.476676932029695521e+00,6.799999999999999822e+00,3.720000000000000284e+01
-5.736428787364382664e-01,3.737543150121599433e-01,3.144273768363549659e-01,1.303600000000000136e+01,6.476676932029695521e+00,6.799999999999999822e+00,3.720000000000000284e+01
-5.709060154188014824e-01,3.761983262665036798e-01,3.283850273689713495e-01,1.303600000000000136e+01,6.476676932029695521e+00,6.799999999999999822e+00,3.720000000000000284e+01
-5.720386589005114208e-01,3.740593007177373530e-01,3.271778096734498376e-01,1.303600000000000136e+01,6.476676932029695521e+00,6.799999999999999822e+00,3.720000000000000284e+01
-5.731523507713299770e-01,3.793328150669357246e-01,3.368307842932970475e-01,1.303600000000000136e+01,6.476676932029695521e+00,6.799999999999999822e+00,3.720000000000000284e+01
-5.761791306445120942e-01,3.752916220363578526e-01,3.338185875473432818e-01,1.303600000000000136e+01,6.476676932029695521e+00,6.799999999999999822e+00,3.720000000000000284e+01
-5.732378830625024513e-01,3.806898953669300978e-01,3.422604630632008482e-01,1.303600000000000136e+01,6.476676932029695521e+00,6.799999999999999822e+00,3.720000000000000284e+01
-5.757129802687597220e-01,3.810505755426693009e-01,3.438023882832278444e-01,1.303600000000000136e+01,6.476676932029695521e+00,6.799999999999999822e+00,3.720000000000000284e+01
-5.764255910563872431e-01,3.810202475111227338e-01,3.438617308708914466e-01,1.303600000000000136e+01,6.476676932029695521e+00,6.799999999999999822e+00,3.720000000000000284e+01
-5.734022485180705342e-01,3.831433540471632093e-01,3.498026639911927527e-01,1.303600000000000136e+01,6.476676932029695521e+00,6.799999999999999822e+00,3.720000000000000284e+01
-5.680714953083983998e-01,3.908022647079863465e-01,3.592333461544534590e-01,1.303600000000000136e+01,6.476676932029695521e+00,6.799999999999999822e+00,3.720000000000000284e+01
-5.661629725572031591e-01,3.950336808773559638e-01,3.619357214789976074e-01,1.303600000000000136e+01,6.476676932029695521e+00,6.799999999999999822e+00,3.720000000000000284e+01
-5.671676600620735309e-01,3.955571225047992412e-01,3.624628972538722627e-01,1.303600000000000136e+01,6.476676932029695521e+00,6.799999999999999822e+00,3.720000000000000284e+01
-5.681990878030236392e-01,3.957973564793827448e-01,3.624332013618152271e-01,1.303600000000000136e+01,6.476676932029695521e+00,6.799999999999999822e+00,3.720000000000000284e+01
-5.693492982098540267e-01,3.959655888218288622e-01,3.622564126795577710e-01,1.303600000000000136e+01,6.476676932029695521e+00,6.799999999999999822e+00,3.720000000000000284e+01
-5.713881955727858619e-01,3.954800002847067009e-01,3.598874361954212953e-01,1.303600000000000136e+01,6.476676932029695521e+00,6.799999999999999822e+00,3.720000000000000284e+01
-5.708215194445810381e-01,3.976980054204259374e-01,3.632848338756281548e-01,1.303600000000000136e+01,6.476676932029695521e+00,6.799999999999999822e+00,3.720000000000000284e+01
-5.713790819007675825e-01,3.978219609159750481e-01,3.631945806773775320e-01,1.303600000000000136e+01,6.476676932029695521e+00,6.799999999999999822e+00,3.720000000000000284e+01
-5.721170915826021552e-01,3.978721645257183859e-01,3.632440033772287857e-01,1.303600000000000136e+01,6.476676932029695521e+00,6.799999999999999822e+00,3.720000000000000284e+01
-5.701878107629609893e-01,4.027198137208611861e-01,3.649179742729015130e-01,1.303600000000000136e+01,6.476676932029695521e+00,6.799999999999999822e+00,3.720000000000000284e+01
-5.706987828613193647e-01,4.028255473848814106e-01,3.649412815294671986e-01,1.303600000000000136e+01,6.476676932029695521e+00,6.799999999999999822e+00,3.720000000000000284e+01
-5.715120260051198553e-01,4.028366774367636016e-01,3.648755279613680180e-01,1.303600000000000136e+01,6.476676932029695521e+00,6.799999999999999822e+00,3.720000000000000284e+01
-5.731110113926817240e-01,4.033403340501864887e-01,3.654775821013933057e-01,1.303600000000000136e+01,6.476676932029695521e+00,6.799999999999999822e+00,3.720000000000000284e+01
-5.734624032371556934e-01,4.033715641643775274e-01,3.654157940560040507e-01,1.303600000000000136e+01,6.476676932029695521e+00,6.799999999999999822e+00,3.720000000000000284e+01
-5.746282902346852017e-01,4.035822375002630080e-01,3.654064993816157347e-01,1.303600000000000136e+01,6.476676932029695521e+00,6.799999999999999822e+00,3.720000000000000284e+01
-5.761082914322522841e-01,4.043703935255787973e-01,3.662574569701192440e-01,1.303600000000000136e+01,6.476676932029695521e+00,6.799999999999999822e+00,3.720000000000000284e+01
-5.785647939801696893e-01,4.034018782257430824e-01,3.644376905397860300e-01,1.303600000000000136e+01,6.476676932029695521e+00,6.799999999999999822e+00,3.720000000000000284e+01
-5.811459557961738964e-01,4.018076000088481869e-01,3.611392386940961430e-01,1.303600000000000136e+01,6.476676932029695521e+00,6.799999999999999822e+00,3.720000000000000284e+01
-5.825726558781700870e-01,4.018111540224301725e-01,3.611149054154556559e-01,1.303600000000000136e+01,6.476676932029695521e+00,6.799999999999999822e+00,3.720000000000000284e+01
-5.795242138827164657e-01,4.063760667540397553e-01,3.699208618857581787e-01,1.303600000000000136e+01,6.476676932029695521e+00,6.799999999999999822e+00,3.720000000000000284e+01
-5.768998023815344878e-01,4.136032586737087291e-01,3.720891164374929283e-01,1.303600000000000136e+01,6.476676932029695521e+00,6.799999999999999822e+00,3.720000000000000284e+01
-5.769153890624648673e-01,4.145387613729609733e-01,3.733256644601540830e-01,1.303600000000000136e+01,6.476676932029695521e+00,6.799999999999999822e+00,3.720000000000000284e+01
-5.752320118349356637e-01,4.144556387122189101e-01,3.710692056685766516e-01,1.303600000000000136e+01,6.476676932029695521e+00,6.799999999999999822e+00,3.720000000000000284e+01
-5.764826351784583247e-01,4.141464954125247400e-01,3.708574945280877500e-01,1.303600000000000136e+01,6.476676932029695521e+00,6.799999999999999822e+00,3.720000000000000284e+01
-5.743047204336528821e-01,4.193880097393291595e-01,3.792216019345041600e-01,1.303600000000000136e+01,6.476676932029695521e+00,6.799999999999999822e+00,3.720000000000000284e+01
-5.751739696444697625e-01,4.191638471184120363e-01,3.789709900030059364e-01,1.303600000000000136e+01,6.476676932029695521e+00,6.799999999999999822e+00,3.720000000000000284e+01
-5.755339369265967120e-01,4.188950294809867247e-01,3.782270846020658328e-01,1.303600000000000136e+01,6.476676932029695521e+00,6.799999999999999822e+00,3.720000000000000284e+01
-5.770136826817939824e-01,4.187217116682950824e-01,3.780437573530039397e-01,1.303600000000000136e+01,6.476676932029695521e+00,6.799999999999999822e+00,3.720000000000000284e+01
-5.804340890963107791e-01,4.189417336179766527e-01,3.774766073680977940e-01,1.303600000000000136e+01,6.476676932029695521e+00,6.799999999999999822e+00,3.720000000000000284e+01
-5.773123439437320981e-01,4.205888387564639119e-01,3.765173207152855417e-01,1.303600000000000136e+01,6.476676932029695521e+00,6.799999999999999822e+00,3.720000000000000284e+01
-5.711842326064796582e-01,4.262135305333332735e-01,3.824084449237401540e-01,1.303600000000000136e+01,6.476676932029695521e+00,6.799999999999999822e+00,3.720000000000000284e+01
-5.727461902748361977e-01,4.259456751200221269e-01,3.820574701119642258e-01,1.303600000000000136e+01,6.476676932029695521e+00,6.799999999999999822e+00,3.720000000000000284e+01
-5.696641189421992602e-01,4.303166021881166259e-01,3.834351613552623994e-01,1.303600000000000136e+01,6.476676932029695521e+00,6.799999999999999822e+00,3.720000000000000284e+01
-5.705039264660738407e-01,4.305198823287451626e-01,3.836735201211284307e-01,1.303600000000000136e+01,6.476676932029695521e+00,6.799999999999999822e+00,3.720000000000000284e+01
-5.710632176236678514e-01,4.305760546693878643e-01,3.836627541229171712e-01,1.303600000000000136e+01,6.476676932029695521e+00,6.799999999999999822e+00,3.720000000000000284e+01
-5.716071634720795158e-01,4.307519398922401987e-01,3.838033822526697447e-01,1.303600000000000136e+01,6.476676932029695521e+00,6.799999999999999822e+00,3.720000000000000284e+01
-5.719731493114871279e-01,4.307793848640932843e-01,3.840027858731795973e-01,1.303600000000000136e+01,6.476676932029695521e+00,6.799999999999999822e+00,3.720000000000000284e+01
-5.730646095545959273e-01,4.299926564863125189e-01,3.833727474424494241e-01,1.303600000000000136e+01,6.476676932029695521e+00,6.799999999999999822e+00,3.720000000000000284e+01
-5.707923605510645260e-01,4.315640114421485096e-01,3.836594051208642164e-01,1.303600000000000136e+01,6.476676932029695521e+00,6.799999999999999822e+00,3.720000000000000284e+01
-5.717490319468512272e-01,4.310722828304672793e-01,3.829594328783414436e-01,1.303600000000000136e+01,6.476676932029695521e+00,6.799999999999999822e+00,3.720000000000000284e+01
-5.760250027126803118e-01,4.259450104652450220e-01,3.751349490477181581e-01,1.303600000000000136e+01,6.476676932029695521e+00,6.799999999999999822e+00,3.720000000000000284e+01
-5.764461457720395643e-01,4.260435920732669746e-01,3.753403749530387912e-01,1.303600000000000136e+01,6.476676932029695521e+00,6.799999999999999822e+00,3.720000000000000284e+01
-5.769041091661898379e-01,4.261859879712068810e-01,3.757872889264389227e-01,1.303600000000000136e+01,6.476676932029695521e+00,6.799999999999999822e+00,3.720000000000000284e+01
-5.774002735813772436e-01,4.261912310320989938e-01,3.759211833536137970e-01,1.303600000000000136e+01,6.476676932029695521e+00,6.799999999999999822e+00,3.720000000000000284e+01
-5.818306691544239406e-01,4.255290444848164877e-01,3.767215980378632034e-01,1.303600000000000136e+01,6.476676932029695521e+00,6.799999999999999822e+00,3.720000000000000284e+01
-5.862991490272266848e-01,4.185627022264252761e-01,3.698701243716800979e-01,1.303600000000000136e+01,6.476676932029695521e+00,6.799999999999999822e+00,3.720000000000000284e+01
-5.871374467291686772e-01,4.190660400758631221e-01,3.697362546496771318e-01,1.303600000000000136e+01,6.476676932029695521e+00,6.799999999999999822e+00,3.720000000000000284e+01
-5.879871656912708522e-01,4.191270339128744249e-01,3.695901634317171891e-01,1.303600000000000136e+01,6.476676932029695521e+00,6.799999999999999822e+00,3.720000000000000284e+01
-5.927993007914559298e-01,4.155869130182112126e-01,3.683612257324535566e-01,1.303600000000000136e+01,6.476676932029695521e+00,6.799999999999999822e+00,3.720000000000000284e+01
-5.934361748391181468e-01,4.155350572402325970e-01,3.677666319425673680e-01,1.303600000000000136e+01,6.476676932029695521e+00,6.799999999999999822e+00,3.720000000000000284e+01
-5.981952852423452205e-01,4.067455570116139119e-01,3.591994729501485351e-01,1.303600000000000136e+01,6.476676932029695521e+00,6.799999999999999822e+00,3.720000000000000284e+01
-5.991978830288087199e-01,4.065298928943693602e-01,3.587939279516397240e-01,1.303600000000000136e+01,6.476676932029695521e+00,6.799999999999999822e+00,3.720000000000000284e+01
-5.933467439190796000e-01,4.098559868705479170e-01,3.745128254636569953e-01,1.303600000000000136e+01,6.476676932029695521e+00,6.799999999999999822e+00,3.720000000000000284e+01
-5.901028989556977855e-01,4.095043844923045850e-01,3.750634037194530146e-01,1.303600000000000136e+01,6.476676932029695521e+00,6.799999999999999822e+00,3.720000000000000284e+01
-5.825271292860538797e-01,4.163207210849469431e-01,3.822075978008805941e-01,1.303600000000000136e+01,6.476676932029695521e+00,6.799999999999999822e+00,3.720000000000000284e+01
-5.823827269855103017e-01,4.159730942279639132e-01,3.819119773348288449e-01,1.303600000000000136e+01,6.476676932029695521e+00,6.799999999999999822e+00,3.720000000000000284e+01
-5.824384438011914744e-01,4.172858048572492540e-01,3.826576302365899407e-01,1.303600000000000136e+01,6.476676932029695521e+00,6.799999999999999822e+00,3.720000000000000284e+01
-5.808224453842292245e-01,4.212646373912146691e-01,3.846221462253452961e-01,1.303600000000000136e+01,6.476676932029695521e+00,6.799999999999999822e+00,3.720000000000000284e+01
-5.844283561726779652e-01,4.202233974932224614e-01,3.816195602022942057e-01,1.303600000000000136e+01,6.476676932029695521e+00,6.799999999999999822e+00,3.720000000000000284e+01
-5.846215572610715672e-01,4.232042413332437469e-01,3.848385324483886150e-01,1.303600000000000136e+01,6.476676932029695521e+00,6.799999999999999822e+00,3.720000000000000284e+01
-5.855102238839988704e-01,4.234918136464613236e-01,3.858699098021911578e-01,1.303600000000000136e+01,6.476676932029695521e+00,6.799999999999999822e+00,3.720000000000000284e+01
-5.827402431305530595e-01,4.252826602492628116e-01,3.871778354597267824e-01,1.303600000000000136e+01,6.476676932029695521e+00,6.799999999999999822e+00,3.720000000000000284e+01
-5.841662453620644069e-01,4.247672441494897977e-01,3.858276100353908999e-01,1.303600000000000136e+01,6.476676932029695521e+00,6.799999999999999822e+00,3.720000000000000284e+01
-5.816489115786264152e-01,4.257656276014850083e-01,3.861224054843936382e-01,1.303600000000000136e+01,6.476676932029695521e+00,6.799999999999999822e+00,3.720000000000000284e+01
-5.790573725392162974e-01,4.263199704053362571e-01,3.865530684763701652e-01,1.303600000000000136e+01,6.476676932029695521e+00,6.799999999999999822e+00,3.720000000000000284e+01
-5.794486944820709251e-01,4.264576735645750349e-01,3.866412984240020778e-01,1.303600000000000136e+01,6.476676932029695521e+00,6.799999999999999822e+00,3.720000000000000284e+01
-5.808623501179723814e-01,4.268493796095195192e-01,3.869673115854381229e-01,1.303600000000000136e+01,6.476676932029695521e+00,6.799999999999999822e+00,3.720000000000000284e+01
-5.781494607022693577e-01,4.329972997417704805e-01,3.951160889501807993e-01,1.303600000000000136e+01,6.476676932029695521e+00,6.799999999999999822e+00,3.720000000000000284e+01
-5.752802192811071746e-01,4.380976000229773737e-01,4.051745870804718264e-01,1.303600000000000136e+01,6.476676932029695521e+00,6.799999999999999822e+00,3.720000000000000284e+01
-5.759174917808135286e-01,4.380746275654407995e-01,4.049691433482493497e-01,1.303600000000000136e+01,6.476676932029695521e+00,6.799999999999999822e+00,3.720000000000000284e+01
-5.765370249010650650e-01,4.380997019852643781e-01,4.049386416164615921e-01,1.303600000000000136e+01,6.476676932029695521e+00,6.799999999999999822e+00,3.720000000000000284e+01
-5.745981091697615062e-01,4.395103671120987876e-01,4.069930297423788312e-01,1.303600000000000136e+01,6.476676932029695521e+00,6.799999999999999822e+00,3.720000000000000284e+01
-5.719972156126265084e-01,4.430527939922138114e-01,4.125621457333084052e-01,1.303600000000000136e+01,6.476676932029695521e+00,6.799999999999999822e+00,3.720000000000000284e+01
-5.697103333467350428e-01,4.444588778514265148e-01,4.155075862099372186e-01,1.303600000000000136e+01,6.476676932029695521e+00,6.799999999999999822e+00,3.720000000000000284e+01
-5.701986894543082940e-01,4.443275677858735118e-01,4.153182161663188099e-01,1.303600000000000136e+01,6.476676932029695521e+00,6.799999999999999822e+00,3.720000000000000284e+01
-5.663523782493784520e-01,4.452571276049447913e-01,4.169730603654094314e-01,1.303600000000000136e+01,6.476676932029695521e+00,6.799999999999999822e+00,3.720000000000000284e+01
-5.668345839209455450e-01,4.454373056017204568e-01,4.174725172105656634e-01,1.303600000000000136e+01,6.476676932029695521e+00,6.799999999999999822e+00,3.720000000000000284e+01
-5.702424285827065731e-01,4.455996471522770119e-01,4.175041240224710570e-01,1.303600000000000136e+01,6.476676932029695521e+00,6.799999999999999822e+00,3.720000000000000284e+01
-5.708918508448646012e-01,4.457950847729888477e-01,4.174961602102995606e-01,1.303600000000000136e+01,6.476676932029695521e+00,6.799999999999999822e+00,3.720000000000000284e+01
-5.703142239517654533e-01,4.481605712170719791e-01,4.195698782687903305e-01,1.303600000000000136e+01,6.476676932029695521e+00,6.799999999999999822e+00,3.720000000000000284e+01
-5.707755624075355749e-01,4.481149679215097881e-01,4.194820132915276778e-01,1.303600000000000136e+01,6.476676932029695521e+00,6.799999999999999822e+00,3.720000000000000284e+01
-5.686965703888782198e-01,4.485334819875967938e-01,4.191263771635881374e-01,1.303600000000000136e+01,6.476676932029695521e+00,6.799999999999999822e+00,3.720000000000000284e+01
-5.689917503118047115e-01,4.485832775654799986e-01,4.192557054900397651e-01,1.303600000000000136e+01,6.476676932029695521e+00,6.799999999999999822e+00,3.720000000000000284e+01
-5.691334189937657939e-01,4.487108074162488025e-01,4.195652778990170972e-01,1.303600000000000136e+01,6.476676932029695521e+00,6.799999999999999822e+00,3.720000000000000284e+01
-5.675368569495766735e-01,4.463097891960227104e-01,4.130697774275788881e-01,1.303600000000000136e+01,6.476676932029695521e+00,6.799999999999999822e+00,3.720000000000000284e+01
-5.594954519993569075e-01,4.512968984814633155e-01,4.177691391377710839e-01,1.303600000000000136e+01,6.476676932029695521e+00,6.799999999999999822e+00,3.720000000000000284e+01
-5.605199926305324265e-01,4.510852467317842951e-01,4.168762526230737064e-01,1.303600000000000136e+01,6.476676932029695521e+00,6.799999999999999822e+00,3.720000000000000284e+01
-5.541729507745778438e-01,4.534808809129753371e-01,4.182709221722534787e-01,1.303600000000000136e+01,6.476676932029695521e+00,6.799999999999999822e+00,3.720000000000000284e+01
-5.522453496880755930e-01,4.543801077405494881e-01,4.190332603816396828e-01,1.303600000000000136e+01,6.476676932029695521e+00,6.799999999999999822e+00,3.720000000000000284e+01
-5.565565729955210816e-01,4.537516963040711393e-01,4.182500057424018425e-01,1.303600000000000136e+01,6.476676932029695521e+00,6.799999999999999822e+00,3.720000000000000284e+01
-5.503304286711061533e-01,4.534810200004904535e-01,4.194824329614291192e-01,1.303600000000000136e+01,6.476676932029695521e+00,6.799999999999999822e+00,3.720000000000000284e+01
-5.546423506248074897e-01,4.484876182682208667e-01,4.093343729830473121e-01,1.303600000000000136e+01,6.476676932029695521e+00,6.799999999999999822e+00,3.720000000000000284e+01
-5.552155064483814684e-01,4.486231783679839324e-01,4.091306693086146362e-01,1.303600000000000136e+01,6.476676932029695521e+00,6.799999999999999822e+00,3.720000000000000284e+01
-5.552993364757489170e-01,4.486392304635241635e-01,4.089892999592896206e-01,1.303600000000000136e+01,6.476676932029695521e+00,6.799999999999999822e+00,3.720000000000000284e+01
-5.524708909497471065e-01,4.540635227769941329e-01,4.094687375635688298e-01,1.303600000000000136e+01,6.476676932029695521e+00,6.799999999999999822e+00,3.720000000000000284e+01
-5.582690891848005599e-01,4.538253307465051622e-01,4.095482250225320753e-01,1.303600000000000136e+01,6.476676932029695521e+00,6.799999999999999822e+00,3.720000000000000284e+01
-5.585946079642083451e-01,4.537620689381092198e-01,4.096146508254508989e-01,1.303600000000000136e+01,6.476676932029695521e+00,6.799999999999999822e+00,3.720000000000000284e+01
-5.586630921413501261e-01,4.537285521700534230e-01,4.095299710448024877e-01,1.303600000000000136e+01,6.476676932029695521e+00,6.799999999999999822e+00,3.720000000000000284e+01
-5.589028276399344852e-01,4.536903209059500730e-01,4.095011465363108671e-01,1.303600000000000136e+01,6.476676932029695521e+00,6.799999999999999822e+00,3.720000000000000284e+01
-5.594522517282681795e-01,4.536554009602701276e-01,4.093364303136585169e-01,1.303600000000000136e+01,6.476676932029695521e+00,6.799999999999999822e+00,3.720000000000000284e+01
-5.602833510212812396e-01,4.536912591568995623e-01,4.081347178718778279e-01,1.303600000000000136e+01,6.476676932029695521e+00,6.799999999999999822e+00,3.720000000000000284e+01
-5.573765407360694590e-01,4.544184745716559060e-01,4.080101674846433046e-01,1.303600000000000136e+01,6.476676932029695521e+00,6.799999999999999822e+00,3.720000000000000284e+01
-5.561999433919025959e-01,4.559278634218979498e-01,4.091683525874209582e-01,1.303600000000000136e+01,6.476676932029695521e+00,6.799999999999999822e+00,3.720000000000000284e+01
-5.548348421516391404e-01,4.576149996803047237e-01,4.100003125230889944e-01,1.303600000000000136e+01,6.476676932029695521e+00,6.799999999999999822e+00,3.720000000000000284e+01
-5.519497251304311680e-01,4.601461938240342664e-01,4.111920839597288380e-01,1.303600000000000136e+01,6.476676932029695521e+00,6.799999999999999822e+00,3.720000000000000284e+01
-5.503363400814436091e-01,4.594624557249433749e-01,4.110208019117793654e-01,1.303600000000000136e+01,6.476676932029695521e+00,6.799999999999999822e+00,3.720000000000000284e+01
-5.508883254159778753e-01,4.593570915927384091e-01,4.105178576113801547e-01,1.303600000000000136e+01,6.476676932029695521e+00,6.799999999999999822e+00,3.720000000000000284e+01
-5.517868937172438759e-01,4.593034353977880069e-01,4.105536503608780419e-01,1.303600000000000136e+01,6.476676932029695521e+00,6.799999999999999822e+00,3.720000000000000284e+01
-5.526116738851142296e-01,4.592897078607317551e-01,4.103633211292034844e-01,1.303600000000000136e+01,6.476676932029695521e+00,6.799999999999999822e+00,3.720000000000000284e+01
-5.529690614202137366e-01,4.592829184067962478e-01,4.102716218874012388e-01,1.303600000000000136e+01,6.476676932029695521e+00,6.799999999999999822e+00,3.720000000000000284e+01
-5.509802168122643895e-01,4.605622590653490889e-01,4.140843902950919753e-01,1.303600000000000136e+01,6.476676932029695521e+00,6.799999999999999822e+00,3.720000000000000284e+01
-5.475695630805363923e-01,4.615083019771570316e-01,4.162621432895974860e-01,1.303600000000000136e+01,6.476676932029695521e+00,6.799999999999999822e+00,3.720000000000000284e+01
-5.484994657108953620e-01,4.616582685735176605e-01,4.159639664674265047e-01,1.303600000000000136e+01,6.476676932029695521e+00,6.799999999999999822e+00,3.720000000000000284e+01
-5.494598787075145596e-01,4.620526279902062994e-01,4.164846741449342860e-01,1.303600000000000136e+01,6.476676932029695521e+00,6.799999999999999822e+00,3.720000000000000284e+01
-5.462067448970034933e-01,4.642747226605347666e-01,4.268882662374716697e-01,1.303600000000000136e+01,6.476676932029695521e+00,6.799999999999999822e+00,3.720000000000000284e+01
-5.426171132684267651e-01,4.644167842268105417e-01,4.278259232899064846e-01,1.303600000000000136e+01,6.476676932029695521e+00,6.799999999999999822e+00,3.720000000000000284e+01
-5.395536630066288808e-01,4.667826941080225334e-01,4.283436219553810598e-01,1.303600000000000136e+01,6.476676932029695521e+00,6.799999999999999822e+00,3.720000000000000284e+01
-5.378319084187195287e-01,4.670833864535509639e-01,4.285762986582473677e-01,1.303600000000000136e+01,6.476676932029695521e+00,6.799999999999999822e+00,3.720000000000000284e+01
-5.359840744735983042e-01,4.647964667091540880e-01,4.237736819071233896e-01,1.303600000000000136e+01,6.476676932029695521e+00,6.799999999999999822e+00,3.720000000000000284e+01
-5.337888145579720023e-01,4.652637875118845190e-01,4.254372651589585774e-01,1.303600000000000136e+01,6.476676932029695521e+00,6.799999999999999822e+00,3.720000000000000284e+01
-5.347186055311732300e-01,4.625884707812860097e-01,4.240842961186527260e-01,1.303600000000000136e+01,6.476676932029695521e+00,6.799999999999999822e+00,3.720000000000000284e+01
-5.351793773266324550e-01,4.625657830454093511e-01,4.236599243290982697e-01,1.303600000000000136e+01,6.476676932029695521e+00,6.799999999999999822e+00,3.720000000000000284e+01
-5.313087204801923980e-01,4.621065652786081612e-01,4.234464169999845318e-01,1.303600000000000136e+01,6.476676932029695521e+00,6.799999999999999822e+00,3.720000000000000284e+01
-5.316335742925135666e-01,4.620874061245170417e-01,4.233582731320663095e-01,1.303600000000000136e+01,6.476676932029695521e+00,6.799999999999999822e+00,3.720000000000000284e+01
-5.253256323959109020e-01,4.719405347306898091e-01,4.259186222346417194e-01,1.303600000000000136e+01,6.476676932029695521e+00,6.799999999999999822e+00,3.720000000000000284e+01
-5.223802286815614204e-01,4.714761677224500458e-01,4.242310932205743401e-01,1.303600000000000136e+01,6.476676932029695521e+00,6.799999999999999822e+00,3.720000000000000284e+01
-5.272541740651237596e-01,4.705324209073357689e-01,4.208094215971828200e-01,1.303600000000000136e+01,6.476676932029695521e+00,6.799999999999999822e+00,3.720000000000000284e+01
-5.315672818860673887e-01,4.697285659214537890e-01,4.195406826470127193e-01,1.303600000000000136e+01,6.476676932029695521e+00,6.799999999999999822e+00,3.720000000000000284e+01
-5.320770560235558166e-01,4.700145384102284996e-01,4.198582248989206067e-01,1.303600000000000136e+01,6.476676932029695521e+00,6.799999999999999822e+00,3.720000000000000284e+01
-5.290514153512935192e-01,4.732543972690356204e-01,4.224185981025366243e-01,1.303600000000000136e+01,6.476676932029695521e+00,6.799999999999999822e+00,3.720000000000000284e+01
-5.299741333889571582e-01,4.730554056331774393e-01,4.222010079982020381e-01,1.303600000000000136e+01,6.476676932029695521e+00,6.799999999999999822e+00,3.720000000000000284e+01
-5.343614802467678837e-01,4.740186143205972757e-01,4.239490311906033426e-01,1.303600000000000136e+01,6.476676932029695521e+00,6.799999999999999822e+00,3.720000000000000284e+01
-5.355792708706696992e-01,4.670822548087354420e-01,4.124585441826756904e-01,1.303600000000000136e+01,6.476676932029695521e+00,6.799999999999999822e+00,3.720000000000000284e+01
-5.336492439468605298e-01,4.682462723252461823e-01,4.141829593908609719e-01,1.303600000000000136e+01,6.476676932029695521e+00,6.799999999999999822e+00,3.720000000000000284e+01
-5.338600325454627704e-01,4.682490903788040226e-01,4.142488702374758636e-01,1.303600000000000136e+01,6.476676932029695521e+00,6.799999999999999822e+00,3.720000000000000284e+01
-5.309998108073678003e-01,4.695702007588686833e-01,4.142553323309222657e-01,1.303600000000000136e+01,6.476676932029695521e+00,6.799999999999999822e+00,3.720000000000000284e+01
-5.307779210610685805e-01,4.712271817671809804e-01,4.149584184440772150e-01,1.303600000000000136e+01,6.476676932029695521e+00,6.799999999999999822e+00,3.720000000000000284e+01
-5.233738895028009486e-01,4.745195019001184344e-01,4.244226355802764306e-01,1.303600000000000136e+01,6.476676932029695521e+00,6.799999999999999822e+00,3.720000000000000284e+01
-5.207036571414265236e-01,4.748195640777031490e-01,4.246228486143180936e-01,1.303600000000000136e+01,6.476676932029695521e+00,6.799999999999999822e+00,3.720000000000000284e+01
-5.210660193977656451e-01,4.749590697028037711e-01,4.247801856429450629e-01,1.303600000000000136e+01,6.476676932029695521e+00,6.799999999999999822e+00,3.720000000000000284e+01
-5.204483801280966881e-01,4.753470907880288365e-01,4.246174381070548232e-01,1.303600000000000136e+01,6.476676932029695521e+00,6.799999999999999822e+00,3.720000000000000284e+01
-5.209745092105645403e-01,4.754239041788648201e-01,4.245828657333996503e-01,1.303600000000000136e+01,6.476676932029695521e+00,6.799999999999999822e+00,3.720000000000000284e+01
-5.175574571655550127e-01,4.762121792330435421e-01,4.230011200274553795e-01,1.303600000000000136e+01,6.476676932029695521e+00,6.799999999999999822e+00,3.720000000000000284e+01
-5.141070413945919571e-01,4.755331563126075634e-01,4.205561323889456804e-01,1.303600000000000136e+01,6.476676932029695521e+00,6.799999999999999822e+00,3.720000000000000284e+01
-5.130844579868066857e-01,4.764974760862925041e-01,4.237701372027486424e-01,1.303600000000000136e+01,6.476676932029695521e+00,6.799999999999999822e+00,3.720000000000000284e+01
-5.097236899039142566e-01,4.781107166545409126e-01,4.255497470254651082e-01,1.303600000000000136e+01,6.476676932029695521e+00,6.799999999999999822e+00,3.720000000000000284e+01
-5.067620872044962255e-01,4.790998120963287366e-01,4.285660877510893974e-01,1.303600000000000136e+01,6.476676932029695521e+00,6.799999999999999822e+00,3.720000000000000284e+01
-5.031340669376591634e-01,4.814342427527830148e-01,4.322242043135892109e-01,1.303600000000000136e+01,6.476676932029695521e+00,6.799999999999999822e+00,3.720000000000000284e+01
-5.021109640802711160e-01,4.808133157781521727e-01,4.319104552909430739e-01,1.303600000000000136e+01,6.476676932029695521e+00,6.799999999999999822e+00,3.720000000000000284e+01
-5.061373884314731564e-01,4.791330498723583853e-01,4.300790684723044821e-01,1.303600000000000136e+01,6.476676932029695521e+00,6.799999999999999822e+00,3.720000000000000284e+01
-5.104899361610840680e-01,4.802526288643919061e-01,4.300626820369407577e-01,1.303600000000000136e+01,6.476676932029695521e+00,6.799999999999999822e+00,3.720000000000000284e+01
-5.108945116544800769e-01,4.803074896672505645e-01,4.304893052723068325e-01,1.303600000000000136e+01,6.476676932029695521e+00,6.799999999999999822e+00,3.720000000000000284e+01
-5.113985313962234880e-01,4.801359778372149556e-01,4.303629282482690499e-01,1.303600000000000136e+01,6.476676932029695521e+00,6.799999999999999822e+00,3.720000000000000284e+01
-5.116760232823309718e-01,4.801174621902436490e-01,4.302077776416816657e-01,1.303600000000000136e+01,6.476676932029695521e+00,6.799999999999999822e+00,3.720000000000000284e+01
-5.051709844909291203e-01,4.820432417410625558e-01,4.326572799953369852e-01,1.303600000000000136e+01,6.476676932029695521e+00,6.799999999999999822e+00,3.720000000000000284e+01
-5.063037991100916013e-01,4.823725550536678286e-01,4.327520732969027395e-01,1.303600000000000136e+01,6.476676932029695521e+00,6.799999999999999822e+00,3.720000000000000284e+01
-5.070904902272583836e-01,4.822944016034013126e-01,4.324895813363252017e-01,1.303600000000000136e+01,6.476676932029695521e+00,6.799999999999999822e+00,3.720000000000000284e+01
-5.116554053453643558e-01,4.830640188331313811e-01,4.330106195100640321e-01,1.303600000000000136e+01,6.476676932029695521e+00,6.799999999999999822e+00,3.720000000000000284e+01
-5.118309441416855066e-01,4.830161205884585529e-01,4.328353723810937081e-01,1.303600000000000136e+01,6.476676932029695521e+00,6.799999999999999822e+00,3.720000000000000284e+01
-5.084242891885868421e-01,4.832639655991150529e-01,4.323744865549647431e-01,1.303600000000000136e+01,6.476676932029695521e+00,6.799999999999999822e+00,3.720000000000000284e+01
-5.096442352842698309e-01,4.838315994163423506e-01,4.330828496821625961e-01,1.303600000000000136e+01,6.476676932029695521e+00,6.799999999999999822e+00,3.720000000000000284e+01
-5.059951988570933201e-01,4.852238077490864110e-01,4.357050151402250826e-01,1.303600000000000136e+01,6.476676932029695521e+00,6.799999999999999822e+00,3.720000000000000284e+01
-5.061002515547954328e-01,4.848435919871998401e-01,4.345013308307515421e-01,1.303600000000000136e+01,6.476676932029695521e+00,6.799999999999999822e+00,3.720000000000000284e+01
-5.025625555875692374e-01,4.867275668104601438e-01,4.346088020518826811e-01,1.303600000000000136e+01,6.476676932029695521e+00,6.799999999999999822e+00,3.720000000000000284e+01
-5.030812419434144145e-01,4.917620891375661385e-01,4.413673798766244438e-01,1.303600000000000136e+01,6.476676932029695521e+00,6.799999999999999822e+00,3.720000000000000284e+01
-4.998470720217893515e-01,4.992920346158660760e-01,4.528018897561283396e-01,1.303600000000000136e+01,6.476676932029695521e+00,6.799999999999999822e+00,3.720000000000000284e+01
-5.004034809639510417e-01,4.996508326628484875e-01,4.531270567322132625e-01,1.303600000000000136e+01,6.476676932029695521e+00,6.799999999999999822e+00,3.720000000000000284e+01
-5.029612612915466130e-01,4.989122646113165471e-01,4.508977821985535317e-01,1.303600000000000136e+01,6.476676932029695521e+00,6.799999999999999822e+00,3.720000000000000284e+01
-5.022391926679424801e-01,4.996861193634883902e-01,4.514351651797746112e-01,1.303600000000000136e+01,6.476676932029695521e+00,6.799999999999999822e+00,3.720000000000000284e+01
-5.022077302387059072e-01,4.998029388964330133e-01,4.514945965232479708e-01,1.303600000000000136e+01,6.476676932029695521e+00,6.799999999999999822e+00,3.720000000000000284e+01
-4.992269718389245048e-01,5.013469982893805632e-01,4.512421948946313544e-01,1.303600000000000136e+01,6.476676932029695521e+00,6.799999999999999822e+00,3.720000000000000284e+01
-4.995414568153310197e-01,5.011381965784766912e-01,4.508123480419655715e-01,1.303600000000000136e+01,6.476676932029695521e+00,6.799999999999999822e+00,3.720000000000000284e+01
-5.023647014556309465e-01,5.019971156050619943e-01,4.511431329706462878e-01,1.303600000000000136e+01,6.476676932029695521e+00,6.799999999999999822e+00,3.720000000000000284e+01
-4.951274271150554185e-01,5.026523545749552735e-01,4.493618046891881268e-01,1.303600000000000136e+01,6.476676932029695521e+00,6.799999999999999822e+00,3.720000000000000284e+01
-4.957861074769670529e-01,5.030233273064752542e-01,4.495906204731926481e-01,1.303600000000000136e+01,6.476676932029695521e+00,6.799999999999999822e+00,3.720000000000000284e+01
-4.975689245809222783e-01,5.016677573359714648e-01,4.474652227696919726e-01,1.303600000000000136e+01,6.476676932029695521e+00,6.799999999999999822e+00,3.720000000000000284e+01
-4.936308595977664804e-01,5.032726435286853928e-01,4.488279481182561037e-01,1.303600000000000136e+01,6.476676932029695521e+00,6.799999999999999822e+00,3.720000000000000284e+01
-4.903661341924671069e-01,5.050946459894160023e-01,4.642763882245361517e-01,1.303600000000000136e+01,6.476676932029695521e+00,6.799999999999999822e+00,3.720000000000000284e+01
-4.829198829423370642e-01,5.072358100276743720e-01,4.679890647299110862e-01,1.303600000000000136e+01,6.476676932029695521e+00,6.799999999999999822e+00,3.720000000000000284e+01
-4.830071655730251434e-01,5.073137744268449989e-01,4.680330502517844882e-01,1.303600000000000136e+01,6.476676932029695521e+00,6.799999999999999822e+00,3.720000000000000284e+01
-4.852200191452425426e-01,5.069928440329392050e-01,4.682477654582373749e-01,1.303600000000000136e+01,6.476676932029695521e+00,6.799999999999999822e+00,3.720000000000000284e+01
-4.853279677115875934e-01,5.069880025046049621e-01,4.681543983840839585e-01,1.303600000000000136e+01,6.476676932029695521e+00,6.799999999999999822e+00,3.720000000000000284e+01
-4.855122488899835664e-01,5.077691079288798592e-01,4.687877021953623102e-01,1.303600000000000136e+01,6.476676932029695521e+00,6.799999999999999822e+00,3.720000000000000284e+01
-4.861442727200693814e-01,5.081143434697993344e-01,4.695668845102537459e-01,1.303600000000000136e+01,6.476676932029695521e+00,6.799999999999999822e+00,3.720000000000000284e+01
-4.810836389154857784e-01,5.102783777788371111e-01,4.728953419987473872e-01,1.303600000000000136e+01,6.476676932029695521e+00,6.799999999999999822e+00,3.720000000000000284e+01
-4.738898753827986421e-01,5.141024015733628438e-01,4.800148754980780308e-01,1.303600000000000136e+01,6.476676932029695521e+00,6.799999999999999822e+00,3.720000000000000284e+01
-4.700140141745587918e-01,5.131519090617466805e-01,4.794982374914248946e-01,1.303600000000000136e+01,6.476676932029695521e+00,6.799999999999999822e+00,3.720000000000000284e+01
-4.704681455858538142e-01,5.128264665927099175e-01,4.792061343218042557e-01,1.303600000000000136e+01,6.476676932029695521e+00,6.799999999999999822e+00,3.720000000000000284e+01
-4.667137148324506102e-01,5.134673401781704172e-01,4.777922141596727679e-01,1.303600000000000136e+01,6.476676932029695521e+00,6.799999999999999822e+00,3.720000000000000284e+01
-4.635477254516672252e-01,5.143666968773106252e-01,4.782532530074875554e-01,1.303600000000000136e+01,6.476676932029695521e+00,6.799999999999999822e+00,3.720000000000000284e+01
-4.689081108647500384e-01,5.134375257232485223e-01,4.755929514215034293e-01,1.303600000000000136e+01,6.476676932029695521e+00,6.799999999999999822e+00,3.720000000000000284e+01
-4.658583683722453128e-01,5.128321080921816044e-01,4.754432418951737849e-01,1.303600000000000136e+01,6.476676932029695521e+00,6.799999999999999822e+00,3.720000000000000284e+01
-4.689930375000492258e-01,5.054724420605074542e-01,4.636419531015190110e-01,1.303600000000000136e+01,6.476676932029695521e+00,6.799999999999999822e+00,3.720000000000000284e+01
-4.667212992967303964e-01,5.062064675267528013e-01,4.641597520550857503e-01,1.303600000000000136e+01,6.476676932029695521e+00,6.799999999999999822e+00,3.720000000000000284e+01
-4.670861907339266539e-01,5.063571532710380296e-01,4.646555760879629848e-01,1.303600000000000136e+01,6.476676932029695521e+00,6.799999999999999822e+00,3.720000000000000284e+01
-4.673922052263126403e-01,5.064145244869555640e-01,4.646095478606634965e-01,1.303600000000000136e+01,6.476676932029695521e+00,6.799999999999999822e+00,3.720000000000000284e+01
-4.672162321103082161e-01,5.067640649046354362e-01,4.649158102525353664e-01,1.303600000000000136e+01,6.476676932029695521e+00,6.799999999999999822e+00,3.720000000000000284e+01
-4.669798067405731001e-01,5.063399408264834811e-01,4.648093249694597584e-01,1.303600000000000136e+01,6.476676932029695521e+00,6.799999999999999822e+00,3.720000000000000284e+01
-4.677710222370617399e-01,5.065881012480054624e-01,4.648318418924702877e-01,1.303600000000000136e+01,6.476676932029695521e+00,6.799999999999999822e+00,3.720000000000000284e+01
-4.670866959855855538e-01,5.068689773133736587e-01,4.647426770146334540e-01,1.303600000000000136e+01,6.476676932029695521e+00,6.799999999999999822e+00,3.720000000000000284e+01
-4.630863083629463972e-01,5.073916978096653096e-01,4.663289425069049865e-01,1.303600000000000136e+01,6.476676932029695521e+00,6.799999999999999822e+00,3.720000000000000284e+01
-4.671689221267696368e-01,5.070065882479215524e-01,4.653192837404082072e-01,1.303600000000000136e+01,6.476676932029695521e+00,6.799999999999999822e+00,3.720000000000000284e+01
-4.634406199582283281e-01,5.053254009993549678e-01,4.636260098036785737e-01,1.303600000000000136e+01,6.476676932029695521e+00,6.799999999999999822e+00,3.720000000000000284e+01
-4.634298770332008210e-01,5.061080488507326836e-01,4.647122100351878116e-01,1.303600000000000136e+01,6.476676932029695521e+00,6.799999999999999822e+00,3.720000000000000284e+01
-4.714444945136399556e-01,5.051544177643811917e-01,4.630104398852263325e-01,1.303600000000000136e+01,6.476676932029695521e+00,6.799999999999999822e+00,3.720000000000000284e+01
-4.753145676194982516e-01,5.053925528725349281e-01,4.631046533501862461e-01,1.303600000000000136e+01,6.476676932029695521e+00,6.799999999999999822e+00,3.720000000000000284e+01
-4.754997015998196908e-01,5.053254239190695385e-01,4.630502437131415183e-01,1.303600000000000136e+01,6.476676932029695521e+00,6.799999999999999822e+00,3.720000000000000284e+01
-4.708006755647269337e-01,5.047483109745682928e-01,4.635769389047580402e-01,1.303600000000000136e+01,6.476676932029695521e+00,6.799999999999999822e+00,3.720000000000000284e+01
-4.688227054732417298e-01,5.057464406911864607e-01,4.645373207387558101e-01,1.303600000000000136e+01,6.476676932029695521e+00,6.799999999999999822e+00,3.720000000000000284e+01
-4.690785898240139029e-01,5.055427791366433610e-01,4.643534517309452214e-01,1.303600000000000136e+01,6.476676932029695521e+00,6.799999999999999822e+00,3.720000000000000284e+01
-4.691831536040232398e-01,5.055389108649894769e-01,4.643319817055836518e-01,1.303600000000000136e+01,6.476676932029695521e+00,6.799999999999999822e+00,3.720000000000000284e+01
-4.693748466072301673e-01,5.053015800111919642e-01,4.640983263348729126e-01,1.303600000000000136e+01,6.476676932029695521e+00,6.799999999999999822e+00,3.720000000000000284e+01
-4.656862977535483061e-01,5.092212020206922096e-01,4.732861364433008089e-01,1.303600000000000136e+01,6.476676932029695521e+00,6.799999999999999822e+00,3.720000000000000284e+01
-4.661860546866828936e-01,5.092542929209151747e-01,4.732784701515900805e-01,1.303600000000000136e+01,6.476676932029695521e+00,6.799999999999999822e+00,3.720000000000000284e+01
-4.666089157963027034e-01,5.093073040797880813e-01,4.723458598124234409e-01,1.303600000000000136e+01,6.476676932029695521e+00,6.799999999999999822e+00,3.720000000000000284e+01
-4.664211149265122813e-01,5.096464683733905598e-01,4.723605776095551323e-01,1.303600000000000136e+01,6.476676932029695521e+00,6.799999999999999822e+00,3.720000000000000284e+01
-4.627715487242333725e-01,5.099695544543020320e-01,4.727276181079217432e-01,1.303600000000000136e+01,6.476676932029695521e+00,6.799999999999999822e+00,3.720000000000000284e+01
-4.668217645001103699e-01,5.100353347559811734e-01,4.723457326553071600e-01,1.303600000000000136e+01,6.476676932029695521e+00,6.799999999999999822e+00,3.720000000000000284e+01
-4.652946762630310040e-01,5.065086446110338425e-01,4.708818833503987666e-01,1.303600000000000136e+01,6.476676932029695521e+00,6.799999999999999822e+00,3.720000000000000284e+01
-4.617938792750357346e-01,5.043299743504018329e-01,4.664989316044092504e-01,1.303600000000000136e+01,6.476676932029695521e+00,6.799999999999999822e+00,3.720000000000000284e+01
-4.583974146125512350e-01,5.057312061833028061e-01,4.707110887778843678e-01,1.303600000000000136e+01,6.476676932029695521e+00,6.799999999999999822e+00,3.720000000000000284e+01
-4.586540030479491215e-01,5.055799807411778257e-01,4.706961565051006602e-01,1.303600000000000136e+01,6.476676932029695521e+00,6.799999999999999822e+00,3.720000000000000284e+01
-4.548243819825906753e-01,5.056493977617518842e-01,4.717171009569438023e-01,1.303600000000000136e+01,6.476676932029695521e+00,6.799999999999999822e+00,3.720000000000000284e+01
-4.481693970796998272e-01,5.063221018336619972e-01,4.657792182142672099e-01,1.303600000000000136e+01,6.476676932029695521e+00,6.799999999999999822e+00,3.720000000000000284e+01
-4.484095458972172099e-01,5.065344227643622244e-01,4.659951602110994351e-01,1.303600000000000136e+01,6.476676932029695521e+00,6.799999999999999822e+00,3.720000000000000284e+01
-4.453622275639831374e-01,5.058967133156382356e-01,4.673890424016001743e-01,1.303600000000000136e+01,6.476676932029695521e+00,6.799999999999999822e+00,3.720000000000000284e+01
-4.494158003505873689e-01,5.077106895970425748e-01,4.787340895695253451e-01,1.303600000000000136e+01,6.476676932029695521e+00,6.799999999999999822e+00,3.720000000000000284e+01
-4.489297757032004732e-01,5.072201361586377022e-01,4.781476886088898981e-01,1.303600000000000136e+01,6.476676932029695521e+00,6.799999999999999822e+00,3.720000000000000284e+01
-4.445601296918678669e-01,5.062631808616989693e-01,4.775341275482105630e-01,1.303600000000000136e+01,6.476676932029695521e+00,6.799999999999999822e+00,3.720000000000000284e+01
-4.487559942554690262e-01,5.062782938895372675e-01,4.759145896990465974e-01,1.303600000000000136e+01,6.476676932029695521e+00,6.799999999999999822e+00,3.720000000000000284e+01
-4.530358884074457970e-01,5.078746282380529609e-01,4.789039550948063773e-01,1.303600000000000136e+01,6.476676932029695521e+00,6.799999999999999822e+00,3.720000000000000284e+01
-4.533031656487335748e-01,5.077511505846254991e-01,4.785929686131445981e-01,1.303600000000000136e+01,6.476676932029695521e+00,6.799999999999999822e+00,3.720000000000000284e+01
-4.537700234104221630e-01,5.082146532291815788e-01,4.790233464228695337e-01,1.303600000000000136e+01,6.476676932029695521e+00,6.799999999999999822e+00,3.720000000000000284e+01
-4.499846788376313245e-01,5.119966172031620300e-01,4.821943182768054781e-01,1.303600000000000136e+01,6.476676932029695521e+00,6.799999999999999822e+00,3.720000000000000284e+01
-4.502729125622969564e-01,5.120368475696104316e-01,4.822191457934915659e-01,1.303600000000000136e+01,6.476676932029695521e+00,6.799999999999999822e+00,3.720000000000000284e+01
-4.503563358274530470e-01,5.121029650583656112e-01,4.823273085399805149e-01,1.303600000000000136e+01,6.476676932029695521e+00,6.799999999999999822e+00,3.720000000000000284e+01
-4.468951396215590788e-01,5.133587873493832276e-01,4.837145352321108871e-01,1.303600000000000136e+01,6.476676932029695521e+00,6.799999999999999822e+00,3.720000000000000284e+01
-4.466526112682657756e-01,5.135491637013513966e-01,4.837632693904577730e-01,1.303600000000000136e+01,6.476676932029695521e+00,6.799999999999999822e+00,3.720000000000000284e+01
-4.436442860826274037e-01,5.146253654189241189e-01,4.861067441746079743e-01,1.303600000000000136e+01,6.476676932029695521e+00,6.799999999999999822e+00,3.720000000000000284e+01
-4.404341928891571389e-01,5.135650667314581863e-01,4.867324572903328206e-01,1.303600000000000136e+01,6.476676932029695521e+00,6.799999999999999822e+00,3.720000000000000284e+01
-4.406804702449297340e-01,5.133492384281239662e-01,4.864775567796351119e-01,1.303600000000000136e+01,6.476676932029695521e+00,6.799999999999999822e+00,3.720000000000000284e+01
-4.377332393742295880e-01,5.150109769774239288e-01,4.900990188876868103e-01,1.303600000000000136e+01,6.476676932029695521e+00,6.799999999999999822e+00,3.720000000000000284e+01
-4.377933783562694137e-01,5.149625608523435982e-01,4.900576169500093227e-01,1.303600000000000136e+01,6.476676932029695521e+00,6.799999999999999822e+00,3.720000000000000284e+01
-4.342756809290073683e-01,5.151057489924015798e-01,4.916643027549073564e-01,1.303600000000000136e+01,6.476676932029695521e+00,6.799999999999999822e+00,3.720000000000000284e+01
-4.308237293071466856e-01,5.151763395729318518e-01,4.915972049733153826e-01,1.303600000000000136e+01,6.476676932029695521e+00,6.799999999999999822e+00,3.720000000000000284e+01
-4.276583710467156685e-01,5.139121023383133036e-01,4.895488186359899241e-01,1.303600000000000136e+01,6.476676932029695521e+00,6.799999999999999822e+00,3.720000000000000284e+01
-4.277735939357003581e-01,5.140333067865696659e-01,4.896140504218041700e-01,1.303600000000000136e+01,6.476676932029695521e+00,6.799999999999999822e+00,3.720000000000000284e+01
-4.285989209113074128e-01,5.134658499625942563e-01,4.881950589830302834e-01,1.303600000000000136e+01,6.476676932029695521e+00,6.799999999999999822e+00,3.720000000000000284e+01
-4.280292470900923796e-01,5.130367258549698439e-01,4.872064668516786767e-01,1.303600000000000136e+01,6.476676932029695521e+00,6.799999999999999822e+00,3.720000000000000284e+01
-4.278338158155281512e-01,5.134255203470738937e-01,4.876108191479909815e-01,1.303600000000000136e+01,6.476676932029695521e+00,6.799999999999999822e+00,3.720000000000000284e+01
-4.239272245139894535e-01,5.138067511669335286e-01,4.873890408411549191e-01,1.303600000000000136e+01,6.476676932029695521e+00,6.799999999999999822e+00,3.720000000000000284e+01
-4.216480311611171539e-01,5.117002703620497917e-01,4.853298089831759587e-01,1.303600000000000136e+01,6.476676932029695521e+00,6.799999999999999822e+00,3.720000000000000284e+01
-4.181670936464588761e-01,5.121751576900830383e-01,4.857491126054437336e-01,1.303600000000000136e+01,6.476676932029695521e+00,6.799999999999999822e+00,3.720000000000000284e+01
-4.184340142711168720e-01,5.121358670829131432e-01,4.857692952919759333e-01,1.303600000000000136e+01,6.476676932029695521e+00,6.799999999999999822e+00,3.720000000000000284e+01
-4.185259757653556068e-01,5.122594739857524448e-01,4.858677328629454339e-01,1.303600000000000136e+01,6.476676932029695521e+00,6.799999999999999822e+00,3.720000000000000284e+01
-4.187472648022808608e-01,5.121878109056712258e-01,4.857931703751608987e-01,1.303600000000000136e+01,6.476676932029695521e+00,6.799999999999999822e+00,3.720000000000000284e+01
-4.110384240316229953e-01,5.105138626492500276e-01,4.814133392297956782e-01,1.303600000000000136e+01,6.476676932029695521e+00,6.799999999999999822e+00,3.720000000000000284e+01
-4.074690785408504601e-01,5.106780784063124079e-01,4.809402974903470573e-01,1.303600000000000136e+01,6.476676932029695521e+00,6.799999999999999822e+00,3.720000000000000284e+01
-4.040464995923296887e-01,5.106260229819652441e-01,4.821809337707022580e-01,1.303600000000000136e+01,6.476676932029695521e+00,6.799999999999999822e+00,3.720000000000000284e+01
-4.081150943748966253e-01,5.106373518861755390e-01,4.818592811248875174e-01,1.303600000000000136e+01,6.476676932029695521e+00,6.799999999999999822e+00,3.720000000000000284e+01
-4.067255169459017550e-01,5.131430112672277222e-01,4.901706861639857360e-01,1.303600000000000136e+01,6.476676932029695521e+00,6.799999999999999822e+00,3.720000000000000284e+01
-4.124697086500755394e-01,5.149494374928776930e-01,4.899226936903408602e-01,1.303600000000000136e+01,6.476676932029695521e+00,6.799999999999999822e+00,3.720000000000000284e+01
-4.126406323081271421e-01,5.149788750204290499e-01,4.899207131450890595e-01,1.303600000000000136e+01,6.476676932029695521e+00,6.799999999999999822e+00,3.720000000000000284e+01
-4.132246683818660005e-01,5.153005822611476106e-01,4.904091052335823875e-01,1.303600000000000136e+01,6.476676932029695521e+00,6.799999999999999822e+00,3.720000000000000284e+01
-4.091915625637067011e-01,5.144444038939148811e-01,4.892372250104581322e-01,1.303600000000000136e+01,6.476676932029695521e+00,6.799999999999999822e+00,3.720000000000000284e+01
-4.126811758136314512e-01,5.138950141503336733e-01,4.882206982146374274e-01,1.303600000000000136e+01,6.476676932029695521e+00,6.799999999999999822e+00,3.720000000000000284e+01
-4.131794989104428661e-01,5.135281427772317997e-01,4.880309515858737290e-01,1.303600000000000136e+01,6.476676932029695521e+00,6.799999999999999822e+00,3.720000000000000284e+01
-4.093616912077413517e-01,5.136555272076278600e-01,4.860759299816345136e-01,1.303600000000000136e+01,6.476676932029695521e+00,6.799999999999999822e+00,3.720000000000000284e+01
-4.094817092593047159e-01,5.135453919795865962e-01,4.858950068297286928e-01,1.303600000000000136e+01,6.476676932029695521e+00,6.799999999999999822e+00,3.720000000000000284e+01
-4.097093697249755695e-01,5.134022509875031393e-01,4.857469704917586339e-01,1.303600000000000136e+01,6.476676932029695521e+00,6.799999999999999822e+00,3.720000000000000284e+01
-4.023235330485696037e-01,5.109912755770505965e-01,4.873736486120028855e-01,1.303600000000000136e+01,6.476676932029695521e+00,6.799999999999999822e+00,3.720000000000000284e+01
-3.986940398622953463e-01,5.142759792606419467e-01,4.907840994012815372e-01,1.303600000000000136e+01,6.476676932029695521e+00,6.799999999999999822e+00,3.720000000000000284e+01
-4.000027536721821875e-01,5.134666249086026202e-01,4.893989257452616704e-01,1.303600000000000136e+01,6.476676932029695521e+00,6.799999999999999822e+00,3.720000000000000284e+01
-4.006014228895041218e-01,5.136234773290704325e-01,4.895247821953179757e-01,1.303600000000000136e+01,6.476676932029695521e+00,6.799999999999999822e+00,3.720000000000000284e+01
-4.007257526532863601e-01,5.136174138637293884e-01,4.895334958944405623e-01,1.303600000000000136e+01,6.476676932029695521e+00,6.799999999999999822e+00,3.720000000000000284e+01
-4.035797539421118185e-01,5.134362546433256513e-01,4.915259819290038190e-01,1.303600000000000136e+01,6.476676932029695521e+00,6.799999999999999822e+00,3.720000000000000284e+01
-4.076711370738282381e-01,5.131950920179841891e-01,4.916853468038216990e-01,1.303600000000000136e+01,6.476676932029695521e+00,6.799999999999999822e+00,3.720000000000000284e+01
-4.080472540552104732e-01,5.132022277081179640e-01,4.915960665063981994e-01,1.303600000000000136e+01,6.476676932029695521e+00,6.799999999999999822e+00,3.720000000000000284e+01
-4.083691618890040731e-01,5.132895379759826460e-01,4.916355549767892907e-01,1.303600000000000136e+01,6.476676932029695521e+00,6.799999999999999822e+00,3.720000000000000284e+01
-4.089997926387000104e-01,5.135644189009924698e-01,4.917313747260252943e-01,1.303600000000000136e+01,6.476676932029695521e+00,6.799999999999999822e+00,3.720000000000000284e+01
-4.084064574556385274e-01,5.149668409008100189e-01,4.927657577880558692e-01,1.303600000000000136e+01,6.476676932029695521e+00,6.799999999999999822e+00,3.720000000000000284e+01
