,avgdegree,degreeSD,mindegree,maxdegree,scenario,rewiring,type
0,11.0,5.735852159879996,1.0,29.0,biased,diff,FB
1,11.00625,5.737961570629375,1.0,29.0,biased,diff,FB
2,11.00625,5.736871103808193,1.0,29.0,biased,diff,FB
3,11.018749999999999,5.7202541224495675,1.0,28.875,biased,diff,FB
4,11.018749999999999,5.716430193744364,1.0,28.875,biased,diff,FB
5,11.018749999999999,5.716430193744364,1.0,28.875,biased,diff,FB
6,11.024999999999999,5.7169503571269935,1.0,28.875,biased,diff,FB
7,11.031249999999998,5.723891618607446,1.0,29.0,biased,diff,FB
8,11.04375,5.735127022943727,1.0,29.0,biased,diff,FB
9,11.049999999999999,5.726340544690376,1.0,28.875,biased,diff,FB
10,11.05625,5.730981394572087,1.0,28.875,biased,diff,FB
11,11.05625,5.730981394572087,1.0,28.875,biased,diff,FB
12,11.0625,5.741929214756838,1.0,28.875,biased,diff,FB
13,11.0625,5.741929214756838,1.0,28.875,biased,diff,FB
14,11.06875,5.741901973300114,1.0,28.875,biased,diff,FB
15,11.081249999999999,5.750360358149936,1.0,29.0,biased,diff,FB
16,11.081249999999999,5.750360358149936,1.0,29.0,biased,diff,FB
17,11.081249999999999,5.750360358149936,1.0,29.0,biased,diff,FB
18,11.087499999999999,5.754082844891639,1.0,29.0,biased,diff,FB
19,11.087499999999999,5.754082844891639,1.0,29.0,biased,diff,FB
20,11.09375,5.7535030114441374,1.0,29.0,biased,diff,FB
21,11.09375,5.7535030114441374,1.0,29.0,biased,diff,FB
22,11.1,5.749028154406927,1.0,28.875,biased,diff,FB
23,11.1,5.749028154406927,1.0,28.875,biased,diff,FB
24,11.10625,5.749766700956506,1.0,28.75,biased,diff,FB
25,11.10625,5.749766700956506,1.0,28.75,biased,diff,FB
26,11.118749999999999,5.757225786302791,1.0,28.75,biased,diff,FB
27,11.118749999999999,5.757225786302791,1.0,28.75,biased,diff,FB
28,11.118749999999999,5.757225786302791,1.0,28.75,biased,diff,FB
29,11.118749999999999,5.757225786302791,1.0,28.75,biased,diff,FB
30,11.118749999999999,5.757225786302791,1.0,28.75,biased,diff,FB
31,11.118749999999999,5.757225786302791,1.0,28.75,biased,diff,FB
32,11.118749999999999,5.75882531619638,1.0,28.75,biased,diff,FB
33,11.125,5.765262934921871,1.0,28.875,biased,diff,FB
34,11.131250000000001,5.760291523139756,1.0,28.875,biased,diff,FB
35,11.137500000000001,5.760704498716375,1.0,28.875,biased,diff,FB
36,11.14375,5.7583547571174325,1.0,28.875,biased,diff,FB
37,11.15,5.748180625592488,1.0,28.875,biased,diff,FB
38,11.15,5.748180625592488,1.0,28.875,biased,diff,FB
39,11.15,5.746503170763242,1.0,28.875,biased,diff,FB
40,11.15,5.746503170763242,1.0,28.875,biased,diff,FB
41,11.15,5.741446434040469,1.0,28.875,biased,diff,FB
42,11.162500000000001,5.734698111712913,1.0,28.875,biased,diff,FB
43,11.162500000000001,5.734698111712913,1.0,28.875,biased,diff,FB
44,11.162500000000001,5.734698111712913,1.0,28.875,biased,diff,FB
45,11.175,5.733155397687951,1.0,28.875,biased,diff,FB
46,11.18125,5.720344893553307,1.0,28.875,biased,diff,FB
47,11.1875,5.723431257410877,1.0,28.875,biased,diff,FB
48,11.193750000000001,5.725847691493597,1.0,28.875,biased,diff,FB
49,11.2,5.731708810755454,1.0,28.875,biased,diff,FB
50,11.206249999999999,5.733572258819304,1.0,28.875,biased,diff,FB
51,11.2125,5.734471637228068,1.0,28.875,biased,diff,FB
52,11.2125,5.734471637228068,1.0,28.875,biased,diff,FB
53,11.2125,5.734471637228068,1.0,28.875,biased,diff,FB
54,11.21875,5.735769516965397,1.0,28.875,biased,diff,FB
55,11.225,5.7300542501649945,1.0,28.875,biased,diff,FB
56,11.225,5.734071411696683,1.0,28.875,biased,diff,FB
57,11.225,5.734071411696683,1.0,28.875,biased,diff,FB
58,11.23125,5.732119384217048,1.0,28.875,biased,diff,FB
59,11.237499999999999,5.728821315069265,1.0,28.875,biased,diff,FB
60,11.243749999999999,5.726604064523298,1.0,28.875,biased,diff,FB
61,11.249999999999998,5.732587152264791,1.0,28.875,biased,diff,FB
62,11.249999999999998,5.732587152264791,1.0,28.875,biased,diff,FB
63,11.249999999999998,5.732587152264791,1.0,28.875,biased,diff,FB
64,11.25625,5.745379560647613,1.0,29.0,biased,diff,FB
65,11.25625,5.745379560647613,1.0,29.0,biased,diff,FB
66,11.25625,5.745379560647613,1.0,29.0,biased,diff,FB
67,11.262500000000001,5.740771323008357,1.0,28.875,biased,diff,FB
68,11.275,5.745591860652694,1.0,28.875,biased,diff,FB
69,11.28125,5.746726827883466,1.0,28.875,biased,diff,FB
70,11.28125,5.746726827883466,1.0,28.875,biased,diff,FB
71,11.28125,5.746726827883466,1.0,28.875,biased,diff,FB
72,11.2875,5.7488600784698285,1.0,28.875,biased,diff,FB
73,11.29375,5.749404151117202,1.0,28.875,biased,diff,FB
74,11.299999999999999,5.748668016097507,1.0,28.875,biased,diff,FB
75,11.30625,5.751682069557963,1.0,28.875,biased,diff,FB
76,11.30625,5.748401159484399,1.0,28.875,biased,diff,FB
77,11.30625,5.748401159484399,1.0,28.875,biased,diff,FB
78,11.3125,5.745958029659821,1.0,28.875,biased,diff,FB
79,11.3125,5.745958029659821,1.0,28.875,biased,diff,FB
80,11.3125,5.745958029659821,1.0,28.875,biased,diff,FB
81,11.3125,5.74433791259273,1.0,28.875,biased,diff,FB
82,11.31875,5.738511918090156,1.0,28.75,biased,diff,FB
83,11.31875,5.738511918090156,1.0,28.75,biased,diff,FB
84,11.31875,5.738511918090156,1.0,28.75,biased,diff,FB
85,11.325000000000001,5.753111181404375,1.0,28.875,biased,diff,FB
86,11.325000000000001,5.750889636483514,1.0,28.875,biased,diff,FB
87,11.33125,5.758634950877999,1.0,28.875,biased,diff,FB
88,11.33125,5.758634950877999,1.0,28.875,biased,diff,FB
89,11.3375,5.755444807591465,1.0,28.875,biased,diff,FB
90,11.3375,5.755444807591465,1.0,28.875,biased,diff,FB
91,11.343750000000002,5.757489520228617,1.0,28.875,biased,diff,FB
92,11.343750000000002,5.759109637295708,1.0,28.875,biased,diff,FB
93,11.343750000000002,5.759109637295708,1.0,28.875,biased,diff,FB
94,11.356250000000001,5.76187217109127,1.0,28.875,biased,diff,FB
95,11.356250000000001,5.763467469023448,1.0,28.875,biased,diff,FB
96,11.375,5.764531857308196,1.125,28.875,biased,diff,FB
97,11.375,5.764531857308196,1.125,28.875,biased,diff,FB
98,11.375,5.763458054689815,1.125,28.875,biased,diff,FB
99,11.39375,5.760639359536976,1.125,28.875,biased,diff,FB
100,12.375,5.600530468618709,5.75,31.25,biased,diff,cl
101,12.38125,5.601254028308504,5.75,31.25,biased,diff,cl
102,12.39375,5.59513977485517,5.75,31.25,biased,diff,cl
103,12.4,5.596971865637293,5.75,31.25,biased,diff,cl
104,12.4,5.596971865637293,5.75,31.25,biased,diff,cl
105,12.40625,5.598886802678681,5.75,31.25,biased,diff,cl
106,12.418750000000001,5.602227652731992,5.75,31.25,biased,diff,cl
107,12.43125,5.5989650155435156,5.75,31.375,biased,diff,cl
108,12.4375,5.595336599471555,5.75,31.375,biased,diff,cl
109,12.45,5.589931893475546,5.75,31.375,biased,diff,cl
110,12.45,5.584614113035192,5.75,31.375,biased,diff,cl
111,12.45,5.584614113035192,5.75,31.375,biased,diff,cl
112,12.45,5.585207096492635,5.75,31.375,biased,diff,cl
113,12.45,5.585207096492635,5.75,31.375,biased,diff,cl
114,12.45,5.585207096492635,5.75,31.375,biased,diff,cl
115,12.45,5.581434374553783,5.75,31.375,biased,diff,cl
116,12.45,5.581434374553783,5.75,31.375,biased,diff,cl
117,12.456249999999999,5.591122944176011,5.625,31.375,biased,diff,cl
118,12.456249999999999,5.584844122125556,5.625,31.375,biased,diff,cl
119,12.456249999999999,5.583873231689503,5.625,31.375,biased,diff,cl
120,12.456249999999999,5.583873231689503,5.625,31.375,biased,diff,cl
121,12.462499999999999,5.583370752459863,5.625,31.375,biased,diff,cl
122,12.462499999999999,5.583370752459863,5.625,31.375,biased,diff,cl
123,12.462499999999999,5.582239796622548,5.625,31.375,biased,diff,cl
124,12.462499999999999,5.582239796622548,5.625,31.375,biased,diff,cl
125,12.468749999999998,5.568966776129561,5.625,31.375,biased,diff,cl
126,12.474999999999998,5.558017988870077,5.625,31.375,biased,diff,cl
127,12.481249999999998,5.565420421134512,5.625,31.375,biased,diff,cl
128,12.481249999999998,5.564934829486298,5.625,31.375,biased,diff,cl
129,12.481249999999998,5.564934829486298,5.625,31.375,biased,diff,cl
130,12.481249999999998,5.557617283181716,5.625,31.375,biased,diff,cl
131,12.487499999999999,5.551155288865244,5.625,31.375,biased,diff,cl
132,12.487499999999999,5.551155288865244,5.625,31.375,biased,diff,cl
133,12.49375,5.549966875491135,5.625,31.375,biased,diff,cl
134,12.506250000000001,5.555343841577583,5.625,31.375,biased,diff,cl
135,12.506250000000001,5.561064078176899,5.625,31.375,biased,diff,cl
136,12.512500000000001,5.559229836564197,5.625,31.375,biased,diff,cl
137,12.512500000000001,5.559229836564197,5.625,31.375,biased,diff,cl
138,12.51875,5.568237155899066,5.625,31.5,biased,diff,cl
139,12.51875,5.564769394543511,5.625,31.5,biased,diff,cl
140,12.525,5.562110326539246,5.75,31.375,biased,diff,cl
141,12.53125,5.5639613739423535,5.625,31.375,biased,diff,cl
142,12.5375,5.565058523880895,5.625,31.375,biased,diff,cl
143,12.5375,5.565058523880895,5.625,31.375,biased,diff,cl
144,12.5375,5.565058523880895,5.625,31.375,biased,diff,cl
145,12.5375,5.5707090667890204,5.625,31.375,biased,diff,cl
146,12.54375,5.572550105250926,5.625,31.375,biased,diff,cl
147,12.54375,5.572550105250926,5.625,31.375,biased,diff,cl
148,12.556249999999999,5.587939282847052,5.625,31.375,biased,diff,cl
149,12.562499999999998,5.59787176971602,5.625,31.5,biased,diff,cl
150,12.562499999999998,5.59787176971602,5.625,31.5,biased,diff,cl
151,12.562499999999998,5.598430920967568,5.625,31.5,biased,diff,cl
152,12.575,5.581400482268622,5.625,31.375,biased,diff,cl
153,12.575,5.581400482268622,5.625,31.375,biased,diff,cl
154,12.575,5.581400482268622,5.625,31.375,biased,diff,cl
155,12.575,5.581400482268622,5.625,31.375,biased,diff,cl
156,12.575,5.581400482268622,5.625,31.375,biased,diff,cl
157,12.575,5.581400482268622,5.625,31.375,biased,diff,cl
158,12.581249999999999,5.5813301256738805,5.625,31.375,biased,diff,cl
159,12.5875,5.5780736832660605,5.625,31.25,biased,diff,cl
160,12.5875,5.5780736832660605,5.625,31.25,biased,diff,cl
161,12.5875,5.573635305748718,5.625,31.25,biased,diff,cl
162,12.5875,5.578081570685097,5.625,31.25,biased,diff,cl
163,12.5875,5.578081570685097,5.625,31.25,biased,diff,cl
164,12.59375,5.575097678058255,5.625,31.25,biased,diff,cl
165,12.59375,5.575097678058255,5.625,31.25,biased,diff,cl
166,12.6,5.580692657888561,5.625,31.25,biased,diff,cl
167,12.6,5.580692657888561,5.625,31.25,biased,diff,cl
168,12.6,5.580692657888561,5.625,31.25,biased,diff,cl
169,12.6,5.580692657888561,5.625,31.25,biased,diff,cl
170,12.6,5.580692657888561,5.625,31.25,biased,diff,cl
171,12.60625,5.5866156677936845,5.75,31.375,biased,diff,cl
172,12.60625,5.5866156677936845,5.75,31.375,biased,diff,cl
173,12.60625,5.5849368687381835,5.75,31.375,biased,diff,cl
174,12.612499999999999,5.588848500529913,5.75,31.375,biased,diff,cl
175,12.618749999999999,5.595548190603539,5.75,31.375,biased,diff,cl
176,12.618749999999999,5.595548190603539,5.75,31.375,biased,diff,cl
177,12.618749999999999,5.595548190603539,5.75,31.375,biased,diff,cl
178,12.618749999999999,5.596497451385464,5.75,31.375,biased,diff,cl
179,12.618749999999999,5.596497451385464,5.75,31.375,biased,diff,cl
180,12.618749999999999,5.596497451385464,5.75,31.375,biased,diff,cl
181,12.624999999999998,5.598270960957567,5.75,31.375,biased,diff,cl
182,12.624999999999998,5.598270960957567,5.75,31.375,biased,diff,cl
183,12.631249999999998,5.596896937152219,5.75,31.375,biased,diff,cl
184,12.631249999999998,5.598579043268065,5.75,31.375,biased,diff,cl
185,12.631249999999998,5.598579043268065,5.75,31.375,biased,diff,cl
186,12.631249999999998,5.598579043268065,5.75,31.375,biased,diff,cl
187,12.631249999999998,5.603691338454817,5.75,31.375,biased,diff,cl
188,12.631249999999998,5.603691338454817,5.75,31.375,biased,diff,cl
189,12.631249999999998,5.601925139193829,5.75,31.375,biased,diff,cl
190,12.631249999999998,5.601925139193829,5.75,31.375,biased,diff,cl
191,12.631249999999998,5.601925139193829,5.75,31.375,biased,diff,cl
192,12.637499999999998,5.602839157559578,5.75,31.375,biased,diff,cl
193,12.637499999999998,5.602839157559578,5.75,31.375,biased,diff,cl
194,12.643749999999999,5.601907319732975,5.75,31.375,biased,diff,cl
195,12.643749999999999,5.601907319732975,5.75,31.375,biased,diff,cl
196,12.65625,5.620520796365732,5.75,31.375,biased,diff,cl
197,12.668750000000001,5.618874384276899,5.75,31.5,biased,diff,cl
198,12.668750000000001,5.618874384276899,5.75,31.5,biased,diff,cl
199,12.675,5.6159882961942795,5.75,31.5,biased,diff,cl
200,11.031249999999998,5.732270556694561,1.0,28.75,biased,same,FB
201,11.05625,5.72377366990331,1.0,28.5,biased,same,FB
202,11.0875,5.712850953029293,1.0,28.375,biased,same,FB
203,11.112499999999999,5.706795963711794,1.0,28.5,biased,same,FB
204,11.14375,5.718686647838109,1.125,28.5,biased,same,FB
205,11.168750000000001,5.728142592879078,1.125,28.625,biased,same,FB
206,11.200000000000001,5.753130953205705,1.125,28.75,biased,same,FB
207,11.237499999999999,5.74890885116766,1.25,28.75,biased,same,FB
208,11.25,5.751123496280863,1.25,28.625,biased,same,FB
209,11.275,5.735163646280791,1.25,28.375,biased,same,FB
210,11.306249999999999,5.745190443887539,1.25,28.375,biased,same,FB
211,11.331249999999997,5.7496716226375195,1.25,28.5,biased,same,FB
212,11.3625,5.755911125770366,1.25,28.5,biased,same,FB
213,11.39375,5.776363558885878,1.25,28.5,biased,same,FB
214,11.43125,5.77910392621198,1.25,28.5,biased,same,FB
215,11.4625,5.77685163376951,1.25,28.5,biased,same,FB
216,11.5,5.764003182532802,1.25,28.375,biased,same,FB
217,11.5375,5.780020950800792,1.25,28.375,biased,same,FB
218,11.575000000000001,5.7727586052632995,1.25,28.25,biased,same,FB
219,11.59375,5.789427429245321,1.25,28.5,biased,same,FB
220,11.63125,5.8044972711332985,1.375,28.625,biased,same,FB
221,11.6625,5.795317794615209,1.375,28.625,biased,same,FB
222,11.69375,5.809647944941083,1.375,28.625,biased,same,FB
223,11.74375,5.804443770415107,1.5,28.75,biased,same,FB
224,11.775,5.8226846531011,1.5,28.75,biased,same,FB
225,11.7875,5.836891546058814,1.5,28.875,biased,same,FB
226,11.831249999999999,5.858900476326536,1.5,29.0,biased,same,FB
227,11.85625,5.863152003441666,1.5,29.125,biased,same,FB
228,11.89375,5.868175384309492,1.5,29.0,biased,same,FB
229,11.924999999999999,5.842503032843484,1.5,28.875,biased,same,FB
230,11.962499999999999,5.8435749797011,1.5,28.75,biased,same,FB
231,11.987499999999999,5.893392091777625,1.5,29.125,biased,same,FB
232,12.01875,5.865887031075068,1.625,28.875,biased,same,FB
233,12.049999999999999,5.871060632212293,1.625,28.875,biased,same,FB
234,12.075000000000001,5.881089907977299,1.625,29.0,biased,same,FB
235,12.106250000000001,5.888532194903501,1.625,29.0,biased,same,FB
236,12.137500000000001,5.901257239362267,1.625,29.125,biased,same,FB
237,12.15625,5.9242704630806875,1.625,29.125,biased,same,FB
238,12.18125,5.928967284429301,1.625,29.125,biased,same,FB
239,12.21875,5.9321749116672144,1.625,29.25,biased,same,FB
240,12.24375,5.927514679769676,1.625,29.25,biased,same,FB
241,12.274999999999999,5.93624307460394,1.625,29.375,biased,same,FB
242,12.306249999999999,5.949789419268681,1.625,29.5,biased,same,FB
243,12.337500000000002,5.9530885326655465,1.625,29.625,biased,same,FB
244,12.375000000000002,5.944481697089489,1.75,29.375,biased,same,FB
245,12.39375,5.946001847978509,1.75,29.375,biased,same,FB
246,12.41875,5.930901181164323,1.75,29.375,biased,same,FB
247,12.456249999999999,5.934285760021185,2.0,29.375,biased,same,FB
248,12.4875,5.9254273723867135,1.875,29.25,biased,same,FB
249,12.50625,5.916591972656686,1.875,29.125,biased,same,FB
250,12.5375,5.9062458903548976,1.875,29.125,biased,same,FB
251,12.562499999999998,5.903401454371619,1.875,29.125,biased,same,FB
252,12.59375,5.92957903273347,1.875,29.375,biased,same,FB
253,12.60625,5.925388017229341,1.875,29.375,biased,same,FB
254,12.618749999999999,5.927924816663221,1.875,29.5,biased,same,FB
255,12.65,5.936413597347686,1.875,29.375,biased,same,FB
256,12.681249999999999,5.948695684200129,1.875,29.375,biased,same,FB
257,12.700000000000001,5.944605674210055,1.875,29.375,biased,same,FB
258,12.737499999999999,5.92467362444343,1.875,29.375,biased,same,FB
259,12.762499999999998,5.935058779560217,1.875,29.375,biased,same,FB
260,12.781249999999998,5.92456556632381,1.875,29.375,biased,same,FB
261,12.812499999999998,5.938476889596539,1.875,29.5,biased,same,FB
262,12.84375,5.945283659456357,1.875,29.5,biased,same,FB
263,12.881250000000003,5.946295609777011,1.875,29.375,biased,same,FB
264,12.906250000000002,5.9406333051361315,1.875,29.25,biased,same,FB
265,12.9375,5.950485133663279,1.875,29.125,biased,same,FB
266,12.95,5.9451558441113175,1.875,29.0,biased,same,FB
267,12.98125,5.933808728984491,1.875,29.0,biased,same,FB
268,13.012500000000001,5.927144781880216,1.875,29.0,biased,same,FB
269,13.03125,5.928573802369776,1.875,29.0,biased,same,FB
270,13.0625,5.923064955687707,1.875,29.0,biased,same,FB
271,13.08125,5.914238122096901,1.875,29.0,biased,same,FB
272,13.10625,5.931485213969159,1.875,29.0,biased,same,FB
273,13.137500000000001,5.900496401914013,1.875,28.875,biased,same,FB
274,13.15625,5.888355613176563,1.875,28.875,biased,same,FB
275,13.1875,5.889252709213378,1.875,28.875,biased,same,FB
276,13.20625,5.890201191031557,1.875,28.875,biased,same,FB
277,13.23125,5.898857897685903,1.875,28.875,biased,same,FB
278,13.243749999999999,5.8720723947867635,1.875,28.75,biased,same,FB
279,13.26875,5.878849571763816,1.875,29.0,biased,same,FB
280,13.29375,5.880917852179376,2.0,29.0,biased,same,FB
281,13.325,5.871552975458437,2.125,29.0,biased,same,FB
282,13.343749999999998,5.862575602987154,2.125,29.0,biased,same,FB
283,13.36875,5.865004816917641,2.125,29.0,biased,same,FB
284,13.4,5.871725797084206,2.125,29.0,biased,same,FB
285,13.425,5.8691336566235535,2.25,29.0,biased,same,FB
286,13.443750000000001,5.8811002773545065,2.25,29.0,biased,same,FB
287,13.475000000000001,5.896595909757676,2.25,29.0,biased,same,FB
288,13.50625,5.9032785850915985,2.25,29.0,biased,same,FB
289,13.5375,5.885802336993739,2.25,28.875,biased,same,FB
290,13.556249999999999,5.907981256855758,2.25,29.0,biased,same,FB
291,13.593749999999998,5.885756265064641,2.25,28.875,biased,same,FB
292,13.625,5.869856980797347,2.25,28.5,biased,same,FB
293,13.656250000000002,5.8838645757986345,2.25,28.5,biased,same,FB
294,13.69375,5.895444002542908,2.25,28.5,biased,same,FB
295,13.718750000000002,5.877928770901907,2.25,28.5,biased,same,FB
296,13.75,5.895420856180121,2.25,28.5,biased,same,FB
297,13.774999999999999,5.876581401697201,2.25,28.375,biased,same,FB
298,13.80625,5.862052419272786,2.375,28.25,biased,same,FB
299,13.83125,5.876654127281995,2.375,28.375,biased,same,FB
300,12.45625,5.695335443119943,6.5,30.5,biased,same,cl
301,12.487499999999999,5.738073621190823,6.5,30.625,biased,same,cl
302,12.5125,5.7531869412804575,6.5,30.75,biased,same,cl
303,12.54375,5.7411534739912415,6.5,30.5,biased,same,cl
304,12.593750000000002,5.74248252987728,6.25,30.25,biased,same,cl
305,12.618750000000002,5.757701269153705,6.25,30.375,biased,same,cl
306,12.65,5.754305700012264,6.375,30.375,biased,same,cl
307,12.6875,5.73668895198366,6.5,30.5,biased,same,cl
308,12.724999999999998,5.729265999062483,6.5,30.5,biased,same,cl
309,12.75625,5.734255502642103,6.5,30.5,biased,same,cl
310,12.768749999999999,5.736847066943032,6.5,30.5,biased,same,cl
311,12.8,5.764843291639477,6.625,30.5,biased,same,cl
312,12.8375,5.770670199203278,6.625,30.625,biased,same,cl
313,12.86875,5.779320641855582,6.5,30.75,biased,same,cl
314,12.9,5.7631792028404485,6.5,30.75,biased,same,cl
315,12.937500000000002,5.779635319923595,6.5,30.875,biased,same,cl
316,12.956250000000002,5.777488461481992,6.5,30.875,biased,same,cl
317,12.981250000000001,5.789567736651611,6.5,31.125,biased,same,cl
318,13.024999999999999,5.79112715437745,6.5,31.0,biased,same,cl
319,13.056249999999999,5.816095656944824,6.5,31.125,biased,same,cl
320,13.081249999999999,5.822391412955049,6.375,31.125,biased,same,cl
321,13.10625,5.802120900647727,6.375,31.125,biased,same,cl
322,13.137500000000003,5.784764761190726,6.375,31.125,biased,same,cl
323,13.175,5.80573290106064,6.375,31.25,biased,same,cl
324,13.2,5.806457811564956,6.5,31.25,biased,same,cl
325,13.23125,5.796488100289755,6.5,31.375,biased,same,cl
326,13.26875,5.812908150580659,6.5,31.25,biased,same,cl
327,13.3,5.828510417392052,6.625,31.375,biased,same,cl
328,13.312500000000002,5.847019034146402,6.625,31.5,biased,same,cl
329,13.3375,5.831457404967532,6.625,31.5,biased,same,cl
330,13.362499999999999,5.843546048862619,6.75,31.625,biased,same,cl
331,13.38125,5.84715681240113,6.625,31.75,biased,same,cl
332,13.393749999999999,5.8548433413673155,6.625,31.75,biased,same,cl
333,13.43125,5.851468427339666,6.625,31.875,biased,same,cl
334,13.4625,5.842042539711672,6.625,31.875,biased,same,cl
335,13.481250000000001,5.8404489270116375,6.75,31.75,biased,same,cl
336,13.487500000000002,5.836441208657439,6.75,31.75,biased,same,cl
337,13.506250000000001,5.853154636291447,6.75,31.75,biased,same,cl
338,13.537500000000001,5.817140960966217,6.75,31.625,biased,same,cl
339,13.543750000000001,5.804608440548197,6.75,31.5,biased,same,cl
340,13.58125,5.810741876813404,6.625,31.625,biased,same,cl
341,13.63125,5.799330918217716,6.5,31.625,biased,same,cl
342,13.65625,5.780392451380938,6.75,31.75,biased,same,cl
343,13.68125,5.765838940072945,6.75,31.75,biased,same,cl
344,13.70625,5.746821874901451,6.75,31.75,biased,same,cl
345,13.74375,5.747267073337816,6.75,31.75,biased,same,cl
346,13.75625,5.747279568447674,6.625,31.75,biased,same,cl
347,13.787499999999998,5.748888910298565,6.625,31.75,biased,same,cl
348,13.799999999999997,5.7412871232158595,6.625,31.75,biased,same,cl
349,13.8375,5.735962125969217,6.625,31.75,biased,same,cl
350,13.856250000000001,5.715119690568446,6.625,31.625,biased,same,cl
351,13.875000000000002,5.690693963576423,6.875,31.5,biased,same,cl
352,13.887500000000001,5.703997127606543,7.0,31.5,biased,same,cl
353,13.924999999999999,5.692418095026955,6.875,31.375,biased,same,cl
354,13.95625,5.699665858655171,6.875,31.5,biased,same,cl
355,13.99375,5.69828895408016,6.875,31.5,biased,same,cl
356,14.018749999999999,5.689599703318791,6.875,31.5,biased,same,cl
357,14.0375,5.6743021265456495,6.875,31.5,biased,same,cl
358,14.074999999999998,5.653146755727478,6.875,31.25,biased,same,cl
359,14.100000000000001,5.656600370370921,6.875,31.25,biased,same,cl
360,14.137500000000001,5.655676930960036,6.875,31.375,biased,same,cl
361,14.162500000000001,5.647158774770213,7.0,31.5,biased,same,cl
362,14.1875,5.647607685035019,6.75,31.5,biased,same,cl
363,14.21875,5.632783292371435,6.75,31.625,biased,same,cl
364,14.25,5.62595429378201,6.75,31.625,biased,same,cl
365,14.2625,5.630283623026973,6.625,31.625,biased,same,cl
366,14.29375,5.619884349928959,6.75,31.625,biased,same,cl
367,14.312499999999998,5.605594477827938,6.75,31.5,biased,same,cl
368,14.337499999999999,5.585164848451106,6.75,31.375,biased,same,cl
369,14.368750000000002,5.572371919834497,6.75,31.375,biased,same,cl
370,14.400000000000002,5.579773570929767,6.75,31.25,biased,same,cl
371,14.412500000000001,5.560634442018426,6.75,31.25,biased,same,cl
372,14.44375,5.580168126036646,6.625,31.375,biased,same,cl
373,14.46875,5.597241910666489,6.625,31.375,biased,same,cl
374,14.493749999999999,5.61416276818815,6.625,31.375,biased,same,cl
375,14.518749999999997,5.613632779620374,6.625,31.25,biased,same,cl
376,14.54375,5.605677274034773,6.5,31.25,biased,same,cl
377,14.575,5.596519293443804,6.5,31.25,biased,same,cl
378,14.60625,5.578363619368937,6.5,31.25,biased,same,cl
379,14.631250000000003,5.582651336040263,6.5,31.25,biased,same,cl
380,14.656250000000002,5.582457342247671,6.5,31.25,biased,same,cl
381,14.68125,5.580897613538252,6.5,31.25,biased,same,cl
382,14.7,5.5846807296147665,6.375,31.25,biased,same,cl
383,14.725000000000001,5.589112402707617,6.375,31.25,biased,same,cl
384,14.7375,5.596526127460398,6.375,31.25,biased,same,cl
385,14.775,5.6167982474147715,6.5,31.375,biased,same,cl
386,14.80625,5.64241553301317,6.5,31.5,biased,same,cl
387,14.8375,5.653545908764038,6.5,31.625,biased,same,cl
388,14.86875,5.66830755786979,6.5,31.75,biased,same,cl
389,14.893749999999999,5.681514309335574,6.5,31.875,biased,same,cl
390,14.925,5.6809404206134095,6.5,31.75,biased,same,cl
391,14.95,5.6617578099332375,6.5,31.75,biased,same,cl
392,14.9875,5.65841230998998,6.5,31.625,biased,same,cl
393,15.00625,5.650583319213519,6.5,31.625,biased,same,cl
394,15.025000000000002,5.646606492785634,6.625,31.625,biased,same,cl
395,15.05,5.662962834556569,6.625,31.875,biased,same,cl
396,15.0625,5.651672677836447,6.625,31.75,biased,same,cl
397,15.093749999999998,5.624344262850929,6.625,31.625,biased,same,cl
398,15.131249999999998,5.6569292476823945,6.75,31.75,biased,same,cl
399,15.143749999999997,5.635014524047088,6.75,31.625,biased,same,cl
400,11.00625,5.751538771680864,1.0,29.125,bridge,diff,FB
401,11.0125,5.75951942613623,1.0,29.125,bridge,diff,FB
402,11.0125,5.76054759877084,1.0,29.125,bridge,diff,FB
403,11.024999999999999,5.758367641289185,1.0,29.125,bridge,diff,FB
404,11.024999999999999,5.758367641289185,1.0,29.125,bridge,diff,FB
405,11.0375,5.749539045995902,1.125,29.0,bridge,diff,FB
406,11.0375,5.7375538966017325,1.125,28.875,bridge,diff,FB
407,11.04375,5.744462849496271,1.125,28.875,bridge,diff,FB
408,11.049999999999999,5.7433630223778165,1.125,28.875,bridge,diff,FB
409,11.049999999999999,5.7433630223778165,1.125,28.875,bridge,diff,FB
410,11.0625,5.7468740460372425,1.125,28.875,bridge,diff,FB
411,11.0625,5.7468740460372425,1.125,28.875,bridge,diff,FB
412,11.06875,5.748780856078735,1.125,28.875,bridge,diff,FB
413,11.075,5.74760278403362,1.125,28.875,bridge,diff,FB
414,11.075,5.74760278403362,1.125,28.875,bridge,diff,FB
415,11.075,5.74760278403362,1.125,28.875,bridge,diff,FB
416,11.06875,5.740178540039835,1.125,28.875,bridge,diff,FB
417,11.075000000000001,5.726809907363035,1.125,28.75,bridge,diff,FB
418,11.08125,5.728342538452281,1.125,28.75,bridge,diff,FB
419,11.08125,5.728342538452281,1.125,28.75,bridge,diff,FB
420,11.087500000000002,5.732950929824572,1.125,28.75,bridge,diff,FB
421,11.087500000000002,5.732950929824572,1.125,28.75,bridge,diff,FB
422,11.087500000000002,5.730664936140923,1.125,28.75,bridge,diff,FB
423,11.093750000000002,5.72405420374551,1.125,28.75,bridge,diff,FB
424,11.093750000000002,5.72405420374551,1.125,28.75,bridge,diff,FB
425,11.106250000000001,5.735893937523604,1.125,28.875,bridge,diff,FB
426,11.106250000000001,5.735893937523604,1.125,28.875,bridge,diff,FB
427,11.106250000000001,5.735893937523604,1.125,28.875,bridge,diff,FB
428,11.106250000000001,5.73534891158396,1.125,28.875,bridge,diff,FB
429,11.1125,5.729065372019228,1.125,28.875,bridge,diff,FB
430,11.1125,5.729065372019228,1.125,28.875,bridge,diff,FB
431,11.1125,5.729065372019228,1.125,28.875,bridge,diff,FB
432,11.11875,5.718048744081995,1.125,28.75,bridge,diff,FB
433,11.11875,5.718048744081995,1.125,28.75,bridge,diff,FB
434,11.11875,5.718048744081995,1.125,28.75,bridge,diff,FB
435,11.112499999999999,5.7129077249227835,1.125,28.75,bridge,diff,FB
436,11.112499999999999,5.7129077249227835,1.125,28.75,bridge,diff,FB
437,11.112499999999999,5.7129077249227835,1.125,28.75,bridge,diff,FB
438,11.124999999999998,5.701585911672574,1.125,28.625,bridge,diff,FB
439,11.124999999999998,5.701585911672574,1.125,28.625,bridge,diff,FB
440,11.1375,5.707072528818361,1.125,28.625,bridge,diff,FB
441,11.1375,5.709354709311006,1.125,28.625,bridge,diff,FB
442,11.1375,5.717120535116759,1.125,28.625,bridge,diff,FB
443,11.143749999999999,5.714090443373046,1.125,28.5,bridge,diff,FB
444,11.143749999999999,5.714090443373046,1.125,28.5,bridge,diff,FB
445,11.15625,5.70637518425586,1.125,28.5,bridge,diff,FB
446,11.15625,5.70637518425586,1.125,28.5,bridge,diff,FB
447,11.15625,5.70637518425586,1.125,28.5,bridge,diff,FB
448,11.15625,5.70637518425586,1.125,28.5,bridge,diff,FB
449,11.15625,5.70637518425586,1.125,28.5,bridge,diff,FB
450,11.15625,5.70637518425586,1.125,28.5,bridge,diff,FB
451,11.16875,5.716455147037528,1.125,28.625,bridge,diff,FB
452,11.16875,5.707276299880889,1.125,28.625,bridge,diff,FB
453,11.16875,5.707276299880889,1.125,28.625,bridge,diff,FB
454,11.16875,5.707276299880889,1.125,28.625,bridge,diff,FB
455,11.181249999999999,5.710097299581842,1.125,28.625,bridge,diff,FB
456,11.181249999999999,5.710097299581842,1.125,28.625,bridge,diff,FB
457,11.181249999999999,5.710097299581842,1.125,28.625,bridge,diff,FB
458,11.181249999999999,5.710097299581842,1.125,28.625,bridge,diff,FB
459,11.181249999999999,5.710097299581842,1.125,28.625,bridge,diff,FB
460,11.181249999999999,5.710097299581842,1.125,28.625,bridge,diff,FB
461,11.18125,5.700342696897366,1.125,28.625,bridge,diff,FB
462,11.18125,5.700342696897366,1.125,28.625,bridge,diff,FB
463,11.1875,5.700938611062194,1.125,28.625,bridge,diff,FB
464,11.1875,5.700938611062194,1.125,28.625,bridge,diff,FB
465,11.1875,5.696845693616044,1.125,28.625,bridge,diff,FB
466,11.2,5.700032682185568,1.125,28.75,bridge,diff,FB
467,11.2,5.69836666494035,1.125,28.75,bridge,diff,FB
468,11.206249999999999,5.697299678531565,1.125,28.75,bridge,diff,FB
469,11.206249999999999,5.697299678531565,1.125,28.75,bridge,diff,FB
470,11.206249999999999,5.697299678531565,1.125,28.75,bridge,diff,FB
471,11.206249999999999,5.695555321193862,1.125,28.75,bridge,diff,FB
472,11.2,5.6927512414770405,1.125,28.75,bridge,diff,FB
473,11.2,5.697729928384667,1.125,28.75,bridge,diff,FB
474,11.19375,5.695078217023284,1.125,28.75,bridge,diff,FB
475,11.19375,5.695078217023284,1.125,28.75,bridge,diff,FB
476,11.19375,5.695660172935466,1.125,28.75,bridge,diff,FB
477,11.19375,5.686721334543141,1.125,28.75,bridge,diff,FB
478,11.206249999999999,5.68404839055677,1.125,28.75,bridge,diff,FB
479,11.206249999999999,5.68404839055677,1.125,28.75,bridge,diff,FB
480,11.206249999999999,5.68404839055677,1.125,28.75,bridge,diff,FB
481,11.206249999999999,5.68404839055677,1.125,28.75,bridge,diff,FB
482,11.2,5.677184560631444,1.125,28.75,bridge,diff,FB
483,11.2,5.675430383108105,1.125,28.75,bridge,diff,FB
484,11.2,5.675430383108105,1.125,28.75,bridge,diff,FB
485,11.2,5.675430383108105,1.125,28.75,bridge,diff,FB
486,11.206249999999999,5.679778150867113,1.125,28.75,bridge,diff,FB
487,11.206249999999999,5.679778150867113,1.125,28.75,bridge,diff,FB
488,11.206249999999999,5.679778150867113,1.125,28.75,bridge,diff,FB
489,11.212499999999999,5.689392987370115,1.125,28.75,bridge,diff,FB
490,11.212499999999999,5.688228570331547,1.125,28.75,bridge,diff,FB
491,11.212499999999999,5.688228570331547,1.125,28.75,bridge,diff,FB
492,11.212499999999999,5.688228570331547,1.125,28.75,bridge,diff,FB
493,11.212499999999999,5.688228570331547,1.125,28.75,bridge,diff,FB
494,11.212499999999999,5.688861836518638,1.125,28.75,bridge,diff,FB
495,11.212499999999999,5.688861836518638,1.125,28.75,bridge,diff,FB
496,11.212499999999999,5.688861836518638,1.125,28.75,bridge,diff,FB
497,11.212499999999999,5.684777489301098,1.125,28.75,bridge,diff,FB
498,11.212499999999999,5.676532879262234,1.125,28.625,bridge,diff,FB
499,11.224999999999998,5.6607946189570555,1.125,28.5,bridge,diff,FB
500,12.325,6.023926341348302,5.625,33.375,bridge,diff,cl
501,12.325,6.023926341348302,5.625,33.375,bridge,diff,cl
502,12.331249999999999,6.015449179161449,5.625,33.375,bridge,diff,cl
503,12.337499999999999,6.025703772959554,5.625,33.375,bridge,diff,cl
504,12.34375,6.022277397586605,5.625,33.375,bridge,diff,cl
505,12.35,6.021969927863915,5.625,33.375,bridge,diff,cl
506,12.35625,6.02654415586488,5.625,33.375,bridge,diff,cl
507,12.35,6.020982556218518,5.625,33.375,bridge,diff,cl
508,12.35,6.020982556218518,5.625,33.375,bridge,diff,cl
509,12.35625,6.017679604320735,5.625,33.375,bridge,diff,cl
510,12.35625,6.005100533077064,5.625,33.25,bridge,diff,cl
511,12.35625,6.005100533077064,5.625,33.25,bridge,diff,cl
512,12.3625,5.994083157819276,5.625,33.25,bridge,diff,cl
513,12.3625,5.9869689683338265,5.75,33.25,bridge,diff,cl
514,12.368750000000002,5.983289701449108,5.75,33.25,bridge,diff,cl
515,12.368750000000002,5.983289701449108,5.75,33.25,bridge,diff,cl
516,12.375000000000002,5.9882865413254205,5.75,33.25,bridge,diff,cl
517,12.375000000000002,5.9882865413254205,5.75,33.25,bridge,diff,cl
518,12.375000000000002,5.9882865413254205,5.75,33.25,bridge,diff,cl
519,12.381250000000001,5.97950548730269,5.75,33.25,bridge,diff,cl
520,12.381250000000001,5.973377232013018,5.875,33.375,bridge,diff,cl
521,12.39375,5.967399076893464,5.875,33.25,bridge,diff,cl
522,12.39375,5.967399076893464,5.875,33.25,bridge,diff,cl
523,12.39375,5.967399076893464,5.875,33.25,bridge,diff,cl
524,12.39375,5.976777541452147,5.875,33.25,bridge,diff,cl
525,12.39375,5.976777541452147,5.875,33.25,bridge,diff,cl
526,12.406250000000002,5.970106068212818,5.875,33.125,bridge,diff,cl
527,12.406250000000002,5.968362917420793,5.875,33.125,bridge,diff,cl
528,12.40625,5.972249055424858,5.875,33.125,bridge,diff,cl
529,12.40625,5.972249055424858,5.875,33.125,bridge,diff,cl
530,12.40625,5.972739481615078,5.875,33.125,bridge,diff,cl
531,12.4,5.970479826740339,5.875,33.125,bridge,diff,cl
532,12.40625,5.975404948666356,5.875,33.125,bridge,diff,cl
533,12.40625,5.975404948666356,5.875,33.125,bridge,diff,cl
534,12.406250000000002,5.970706676836721,5.875,33.125,bridge,diff,cl
535,12.406250000000002,5.966894091434997,5.875,33.125,bridge,diff,cl
536,12.406250000000002,5.966894091434997,5.875,33.125,bridge,diff,cl
537,12.406250000000002,5.966894091434997,5.875,33.125,bridge,diff,cl
538,12.418750000000001,5.9703341630988085,5.875,33.0,bridge,diff,cl
539,12.418750000000001,5.9703341630988085,5.875,33.0,bridge,diff,cl
540,12.425,5.968264263182688,5.875,33.0,bridge,diff,cl
541,12.43125,5.972231298894756,5.875,33.0,bridge,diff,cl
542,12.4375,5.971565856724058,5.875,33.0,bridge,diff,cl
543,12.4375,5.971565856724058,5.875,33.0,bridge,diff,cl
544,12.4375,5.968784365159259,5.875,33.0,bridge,diff,cl
545,12.450000000000001,5.956947576435286,5.875,33.0,bridge,diff,cl
546,12.450000000000001,5.956947576435286,5.875,33.0,bridge,diff,cl
547,12.456250000000002,5.956493650517528,5.875,33.0,bridge,diff,cl
548,12.462500000000002,5.948916539894893,5.875,32.875,bridge,diff,cl
549,12.462500000000002,5.947198378451656,5.875,32.875,bridge,diff,cl
550,12.462500000000002,5.947198378451656,5.875,32.875,bridge,diff,cl
551,12.462500000000002,5.947198378451656,5.875,32.875,bridge,diff,cl
552,12.462500000000002,5.9435676299597695,5.875,32.75,bridge,diff,cl
553,12.475000000000001,5.930057203033475,5.875,32.75,bridge,diff,cl
554,12.475000000000001,5.930057203033475,5.875,32.75,bridge,diff,cl
555,12.475000000000001,5.930057203033475,5.875,32.75,bridge,diff,cl
556,12.475000000000001,5.929678819740981,5.875,32.75,bridge,diff,cl
557,12.481250000000001,5.915326401204836,5.875,32.75,bridge,diff,cl
558,12.49375,5.886797957357248,6.0,32.5,bridge,diff,cl
559,12.48125,5.886135905042229,6.0,32.5,bridge,diff,cl
560,12.48125,5.886135905042229,6.0,32.5,bridge,diff,cl
561,12.48125,5.884499020346927,6.0,32.5,bridge,diff,cl
562,12.487499999999999,5.88184525625877,5.875,32.375,bridge,diff,cl
563,12.487499999999999,5.88184525625877,5.875,32.375,bridge,diff,cl
564,12.493749999999999,5.8775536026901625,5.875,32.375,bridge,diff,cl
565,12.487499999999999,5.8759994817430865,5.875,32.375,bridge,diff,cl
566,12.487499999999999,5.8759994817430865,5.875,32.375,bridge,diff,cl
567,12.487499999999999,5.876477977173332,5.875,32.375,bridge,diff,cl
568,12.487499999999999,5.876477977173332,5.875,32.375,bridge,diff,cl
569,12.487499999999999,5.876477977173332,5.875,32.375,bridge,diff,cl
570,12.487499999999999,5.876477977173332,5.875,32.375,bridge,diff,cl
571,12.487499999999999,5.876477977173332,5.875,32.375,bridge,diff,cl
572,12.487499999999999,5.876477977173332,5.875,32.375,bridge,diff,cl
573,12.487499999999999,5.880291577257767,5.875,32.375,bridge,diff,cl
574,12.493749999999999,5.878352660386702,5.875,32.375,bridge,diff,cl
575,12.493749999999999,5.878352660386702,5.875,32.375,bridge,diff,cl
576,12.493749999999999,5.87231349413274,5.875,32.375,bridge,diff,cl
577,12.50625,5.857930360413662,5.875,32.25,bridge,diff,cl
578,12.50625,5.857930360413662,5.875,32.25,bridge,diff,cl
579,12.518749999999999,5.8640502337673945,5.875,32.25,bridge,diff,cl
580,12.5125,5.868653387908951,5.875,32.25,bridge,diff,cl
581,12.5125,5.868226457659634,5.875,32.25,bridge,diff,cl
582,12.51875,5.851930176869172,5.875,32.25,bridge,diff,cl
583,12.51875,5.851930176869172,5.875,32.25,bridge,diff,cl
584,12.512500000000001,5.844639418253875,5.875,32.25,bridge,diff,cl
585,12.512500000000001,5.837905702759684,5.875,32.125,bridge,diff,cl
586,12.512500000000001,5.8372178998328454,5.875,32.125,bridge,diff,cl
587,12.50625,5.832232037413586,5.875,32.125,bridge,diff,cl
588,12.50625,5.831037545250901,5.875,32.125,bridge,diff,cl
589,12.50625,5.820290088141981,5.875,32.125,bridge,diff,cl
590,12.51875,5.813051757752454,5.875,32.125,bridge,diff,cl
591,12.51875,5.819654793061082,5.875,32.125,bridge,diff,cl
592,12.51875,5.814797308114896,5.875,32.125,bridge,diff,cl
593,12.53125,5.824294358107824,5.875,32.125,bridge,diff,cl
594,12.537500000000001,5.824972680857579,5.875,32.125,bridge,diff,cl
595,12.55,5.833865449639148,5.75,32.125,bridge,diff,cl
596,12.55,5.838692246662866,5.75,32.125,bridge,diff,cl
597,12.55,5.838692246662866,5.75,32.125,bridge,diff,cl
598,12.55625,5.837266174094909,5.75,32.125,bridge,diff,cl
599,12.56875,5.837390289251322,5.75,32.125,bridge,diff,cl
600,11.024999999999999,5.732158200925869,1.0,29.0,bridge,same,FB
601,11.056249999999999,5.727362760323093,1.0,29.125,bridge,same,FB
602,11.09375,5.734449131241787,1.0,29.125,bridge,same,FB
603,11.10625,5.712786159953948,1.0,29.0,bridge,same,FB
604,11.125,5.695224011707328,1.0,29.0,bridge,same,FB
605,11.1625,5.705553513903953,1.0,29.0,bridge,same,FB
606,11.18125,5.717774511412607,1.0,29.25,bridge,same,FB
607,11.19375,5.723259154316162,1.0,29.25,bridge,same,FB
608,11.20625,5.711564548178446,1.0,29.25,bridge,same,FB
609,11.23125,5.7276457070478815,1.0,29.375,bridge,same,FB
610,11.25,5.722475782260656,1.0,29.375,bridge,same,FB
611,11.26875,5.709910413811175,1.0,29.375,bridge,same,FB
612,11.2875,5.695170307130731,1.0,29.5,bridge,same,FB
613,11.3375,5.698015200520221,1.0,29.375,bridge,same,FB
614,11.362499999999999,5.670020475680038,1.0,29.25,bridge,same,FB
615,11.4,5.6800568383568795,1.0,29.25,bridge,same,FB
616,11.41875,5.676405352306513,1.0,29.25,bridge,same,FB
617,11.44375,5.650257648313173,1.0,29.25,bridge,same,FB
618,11.456249999999997,5.672414450629669,1.0,29.25,bridge,same,FB
619,11.48125,5.680228910485433,1.0,29.375,bridge,same,FB
620,11.525000000000002,5.687756888626123,1.0,29.375,bridge,same,FB
621,11.55,5.684326979137076,1.0,29.25,bridge,same,FB
622,11.575000000000001,5.678151258101683,1.0,29.375,bridge,same,FB
623,11.58125,5.688933876979733,1.0,29.375,bridge,same,FB
624,11.612499999999999,5.706407582801045,1.0,29.375,bridge,same,FB
625,11.593750000000002,5.682438537918575,1.0,29.25,bridge,same,FB
626,11.625000000000002,5.706654198968884,1.0,29.375,bridge,same,FB
627,11.65,5.678775049809538,1.0,29.125,bridge,same,FB
628,11.6625,5.688737076533244,1.0,29.125,bridge,same,FB
629,11.6875,5.685449002889685,0.875,29.0,bridge,same,FB
630,11.71875,5.702978434724265,1.0,29.0,bridge,same,FB
631,11.73125,5.710241857048724,1.0,29.0,bridge,same,FB
632,11.737499999999999,5.697124750953954,1.0,28.75,bridge,same,FB
633,11.75625,5.705845948199521,1.0,28.625,bridge,same,FB
634,11.78125,5.6761911518026,1.0,28.5,bridge,same,FB
635,11.781250000000002,5.650516668765663,1.0,28.375,bridge,same,FB
636,11.79375,5.657949510187789,1.0,28.375,bridge,same,FB
637,11.80625,5.651102733056386,1.0,28.375,bridge,same,FB
638,11.83125,5.637627002455775,1.125,28.375,bridge,same,FB
639,11.8625,5.649006181454665,1.25,28.25,bridge,same,FB
640,11.893749999999999,5.660386555049895,1.25,28.25,bridge,same,FB
641,11.91875,5.66491538009144,1.25,28.25,bridge,same,FB
642,11.931249999999999,5.666629600910152,1.25,28.25,bridge,same,FB
643,11.937499999999998,5.650794432733033,1.25,28.25,bridge,same,FB
644,11.962499999999999,5.647365864297169,1.375,28.25,bridge,same,FB
645,11.993750000000002,5.65756827056795,1.375,28.375,bridge,same,FB
646,12.006250000000001,5.657505742210139,1.5,28.375,bridge,same,FB
647,12.01875,5.671054862649191,1.5,28.375,bridge,same,FB
648,12.018749999999999,5.670406798799013,1.5,28.375,bridge,same,FB
649,12.018749999999999,5.690040578319011,1.5,28.5,bridge,same,FB
650,12.024999999999999,5.699338669756952,1.5,28.5,bridge,same,FB
651,12.03125,5.679632135407685,1.5,28.375,bridge,same,FB
652,12.062500000000002,5.670416932568719,1.5,28.25,bridge,same,FB
653,12.0625,5.643160116936222,1.5,28.125,bridge,same,FB
654,12.08125,5.645422891786333,1.625,28.25,bridge,same,FB
655,12.087499999999999,5.620832985025843,1.625,28.25,bridge,same,FB
656,12.0875,5.605968674017931,1.625,28.0,bridge,same,FB
657,12.11875,5.609334679856983,1.625,28.0,bridge,same,FB
658,12.15,5.5767267737806,1.625,27.75,bridge,same,FB
659,12.168750000000001,5.564735686638559,1.625,27.75,bridge,same,FB
660,12.2125,5.558187485203116,1.625,27.875,bridge,same,FB
661,12.225,5.55617235487663,1.625,27.75,bridge,same,FB
662,12.23125,5.552375217050427,1.625,27.5,bridge,same,FB
663,12.243749999999999,5.536687731247049,1.625,27.5,bridge,same,FB
664,12.2625,5.508172505464833,1.625,27.375,bridge,same,FB
665,12.293750000000001,5.493528070357494,1.625,27.375,bridge,same,FB
666,12.3125,5.472167469587908,1.625,27.375,bridge,same,FB
667,12.33125,5.476320219056428,1.625,27.375,bridge,same,FB
668,12.35,5.466710650840842,1.625,27.25,bridge,same,FB
669,12.368749999999999,5.444575373579513,1.625,27.25,bridge,same,FB
670,12.393750000000002,5.461296655548537,1.625,27.5,bridge,same,FB
671,12.418750000000001,5.461240833722461,1.625,27.375,bridge,same,FB
672,12.4375,5.46256192578192,1.625,27.375,bridge,same,FB
673,12.450000000000001,5.462649304725066,1.625,27.375,bridge,same,FB
674,12.4625,5.469606149138678,1.625,27.5,bridge,same,FB
675,12.475,5.460585214052542,1.625,27.375,bridge,same,FB
676,12.481250000000001,5.4642282916817955,1.625,27.5,bridge,same,FB
677,12.5,5.458130392255995,1.75,27.375,bridge,same,FB
678,12.50625,5.468407233970208,1.75,27.5,bridge,same,FB
679,12.5375,5.464822958740994,1.75,27.5,bridge,same,FB
680,12.543749999999998,5.435066549356173,1.75,27.25,bridge,same,FB
681,12.543750000000001,5.422686992932887,2.0,27.25,bridge,same,FB
682,12.55625,5.424082356583127,2.0,27.25,bridge,same,FB
683,12.556250000000002,5.413172205591167,2.125,27.25,bridge,same,FB
684,12.575000000000001,5.4076805571999005,2.125,27.125,bridge,same,FB
685,12.5875,5.4150395881385105,2.125,27.125,bridge,same,FB
686,12.606250000000001,5.412850041070671,2.125,27.0,bridge,same,FB
687,12.61875,5.395159672346707,2.125,26.75,bridge,same,FB
688,12.625,5.377149253706091,2.125,26.75,bridge,same,FB
689,12.65625,5.366236877831959,2.125,26.625,bridge,same,FB
690,12.643749999999999,5.357976322402084,2.125,26.625,bridge,same,FB
691,12.649999999999999,5.346972145644289,2.125,26.625,bridge,same,FB
692,12.675,5.3539641565386695,2.125,26.625,bridge,same,FB
693,12.712499999999999,5.349094818655523,2.125,26.625,bridge,same,FB
694,12.737499999999999,5.341344018587024,2.125,26.625,bridge,same,FB
695,12.737499999999999,5.345102356301763,2.125,26.625,bridge,same,FB
696,12.718749999999998,5.324073167693384,2.125,26.625,bridge,same,FB
697,12.731250000000001,5.33578498324879,2.125,26.625,bridge,same,FB
698,12.74375,5.310087602758885,2.25,26.5,bridge,same,FB
699,12.768749999999999,5.310734262198605,2.25,26.375,bridge,same,FB
700,12.431249999999999,5.508246929606282,6.875,31.0,bridge,same,cl
701,12.45625,5.516987014359087,6.875,31.25,bridge,same,cl
702,12.468750000000002,5.522455347375153,7.0,31.375,bridge,same,cl
703,12.45625,5.501836006689748,7.0,31.25,bridge,same,cl
704,12.45,5.477559453297747,7.0,31.125,bridge,same,cl
705,12.475000000000001,5.459708493151464,6.875,31.125,bridge,same,cl
706,12.50625,5.44155835221202,6.875,31.0,bridge,same,cl
707,12.50625,5.442052294859044,6.875,31.0,bridge,same,cl
708,12.50625,5.421942748035004,6.875,31.0,bridge,same,cl
709,12.493749999999999,5.413004096984649,7.0,31.0,bridge,same,cl
710,12.49375,5.385702202980615,7.0,30.875,bridge,same,cl
711,12.49375,5.369983356246466,7.0,30.75,bridge,same,cl
712,12.525,5.394810033518815,7.0,30.875,bridge,same,cl
713,12.53125,5.382777457108944,6.875,30.625,bridge,same,cl
714,12.525,5.382213651262448,6.875,30.625,bridge,same,cl
715,12.54375,5.385007286067951,6.75,30.75,bridge,same,cl
716,12.55625,5.3964088333284606,6.75,30.875,bridge,same,cl
717,12.5625,5.3882767298099585,6.75,30.875,bridge,same,cl
718,12.581249999999999,5.393970245072274,6.625,30.875,bridge,same,cl
719,12.59375,5.384545431923802,6.625,30.875,bridge,same,cl
720,12.618749999999999,5.351285681368886,6.625,30.625,bridge,same,cl
721,12.631250000000001,5.347929216637825,6.625,30.625,bridge,same,cl
722,12.63125,5.346358062675187,6.625,30.625,bridge,same,cl
723,12.6375,5.316988210818035,6.625,30.5,bridge,same,cl
724,12.65625,5.293326398626854,6.625,30.25,bridge,same,cl
725,12.662500000000001,5.299459335771292,6.625,30.25,bridge,same,cl
726,12.675,5.276661070326757,6.625,30.125,bridge,same,cl
727,12.7,5.2428507369099275,6.625,30.125,bridge,same,cl
728,12.706249999999999,5.242073979514145,6.625,30.0,bridge,same,cl
729,12.718750000000002,5.252693279992719,6.625,30.125,bridge,same,cl
730,12.71875,5.246360667424419,6.625,30.125,bridge,same,cl
731,12.7125,5.244474898787257,6.625,30.125,bridge,same,cl
732,12.71875,5.247760304601917,6.5,30.125,bridge,same,cl
733,12.7375,5.250869461977443,6.5,30.125,bridge,same,cl
734,12.75,5.244187816065418,6.5,30.125,bridge,same,cl
735,12.762500000000001,5.235543723944575,6.5,29.875,bridge,same,cl
736,12.762500000000001,5.258851126074915,6.5,29.875,bridge,same,cl
737,12.7875,5.254737725975882,6.5,29.875,bridge,same,cl
738,12.79375,5.265535261357848,6.625,29.875,bridge,same,cl
739,12.799999999999999,5.263952425376895,6.625,29.875,bridge,same,cl
740,12.81875,5.267954095812221,6.75,29.875,bridge,same,cl
741,12.837499999999999,5.252453520299841,6.75,29.75,bridge,same,cl
742,12.85625,5.218562821956389,6.875,29.75,bridge,same,cl
743,12.881250000000001,5.227266286954177,6.875,29.75,bridge,same,cl
744,12.9,5.220103172910118,6.875,29.875,bridge,same,cl
745,12.912500000000001,5.216432473451134,6.875,29.875,bridge,same,cl
746,12.925,5.209721576850333,6.875,29.875,bridge,same,cl
747,12.950000000000001,5.18419812898216,6.875,29.625,bridge,same,cl
748,12.9375,5.172437050644695,6.875,29.625,bridge,same,cl
749,12.94375,5.148676177206073,6.875,29.625,bridge,same,cl
750,12.96875,5.155439537726194,6.875,29.625,bridge,same,cl
751,12.98125,5.183504015927616,6.75,29.875,bridge,same,cl
752,12.987499999999999,5.159124671104038,6.75,29.75,bridge,same,cl
753,12.999999999999998,5.160815289043041,6.75,29.75,bridge,same,cl
754,13.018749999999997,5.154892952871407,6.75,29.75,bridge,same,cl
755,13.037500000000001,5.156155522548388,6.75,29.75,bridge,same,cl
756,13.0625,5.152869077451471,6.625,29.75,bridge,same,cl
757,13.068750000000001,5.162387670696004,6.625,29.875,bridge,same,cl
758,13.08125,5.127575700511696,6.625,29.75,bridge,same,cl
759,13.087499999999999,5.1200237831172775,6.625,29.5,bridge,same,cl
760,13.093749999999998,5.145554025815044,6.625,29.75,bridge,same,cl
761,13.081249999999999,5.151867355505734,6.625,29.75,bridge,same,cl
762,13.09375,5.144737057787806,6.625,29.75,bridge,same,cl
763,13.09375,5.150305483740616,6.625,29.75,bridge,same,cl
764,13.112499999999999,5.1616795682806185,6.625,29.875,bridge,same,cl
765,13.125,5.161133682751263,6.75,29.875,bridge,same,cl
766,13.1375,5.157035207633084,6.625,29.875,bridge,same,cl
767,13.1625,5.168816411450147,6.625,29.875,bridge,same,cl
768,13.187499999999998,5.148358126335509,6.625,29.625,bridge,same,cl
769,13.187499999999998,5.144343281591387,6.75,29.625,bridge,same,cl
770,13.174999999999999,5.136589854433992,6.75,29.5,bridge,same,cl
771,13.174999999999999,5.145372103834355,6.625,29.625,bridge,same,cl
772,13.19375,5.146617999287451,6.625,29.625,bridge,same,cl
773,13.20625,5.150718169084976,6.625,29.5,bridge,same,cl
774,13.20625,5.142446473261857,6.625,29.625,bridge,same,cl
775,13.21875,5.121732257949363,6.625,29.625,bridge,same,cl
776,13.2125,5.114782872720102,6.625,29.5,bridge,same,cl
777,13.225000000000001,5.101827689353439,6.625,29.5,bridge,same,cl
778,13.212500000000002,5.073772828920484,6.625,29.25,bridge,same,cl
779,13.2,5.063969814464478,6.625,29.125,bridge,same,cl
780,13.20625,5.041509349674276,6.75,28.875,bridge,same,cl
781,13.237499999999999,5.034378691092611,6.75,28.875,bridge,same,cl
782,13.25625,5.047407004621178,6.75,28.875,bridge,same,cl
783,13.262499999999998,5.060402051616728,6.75,29.0,bridge,same,cl
784,13.274999999999999,5.041593701753729,6.75,29.0,bridge,same,cl
785,13.293749999999998,5.055068774882493,6.75,29.0,bridge,same,cl
786,13.293749999999998,5.0488929296492735,6.875,28.875,bridge,same,cl
787,13.299999999999999,5.0370875992541375,7.0,28.875,bridge,same,cl
788,13.2875,5.042431396120645,7.0,28.875,bridge,same,cl
789,13.306249999999999,5.014255376867957,6.875,28.875,bridge,same,cl
790,13.30625,4.978151724422059,6.875,28.75,bridge,same,cl
791,13.325,4.978189353991434,6.875,28.75,bridge,same,cl
792,13.325,4.957923000332277,6.875,28.75,bridge,same,cl
793,13.331249999999999,4.962257139015183,6.875,28.75,bridge,same,cl
794,13.3375,4.941316101639233,7.125,28.625,bridge,same,cl
795,13.34375,4.926382011189738,7.125,28.375,bridge,same,cl
796,13.36875,4.915591952321022,7.125,28.5,bridge,same,cl
797,13.387500000000001,4.907140388352022,7.125,28.625,bridge,same,cl
798,13.381250000000001,4.907874167744382,7.125,28.5,bridge,same,cl
799,13.381250000000001,4.885529023608002,7.0,28.375,bridge,same,cl
